<?xml version = '1.0' encoding = 'UTF-8'?>
<TableProxyOraclev20c class="oracle.dbtools.crest.model.design.storage.oracle.v20c.TableProxyOraclev20c" name="curs" directorySegmentName="seg_0" id="96A9E56B-246B-4DED-4028-6CE09CAAA0B4">
<createdBy>sd</createdBy>
<createdTime>2024-10-04 03:26:54 UTC</createdTime>
<ownerDesignName> EFT_S9_Cesarr_lynch</ownerDesignName>
<logging>YES</logging>
<partitionedRowMovement>DISABLE</partitionedRowMovement>
<temporaryChanged>false</temporaryChanged>
<accessDriverType>oracle_loader</accessDriverType>
<rejectLimit></rejectLimit>
<columnProxies itemClass="oracle.dbtools.crest.model.design.storage.oracle.v12c.ColumnProxyOraclev12c">
<ColumnProxy name="id_acad" id="20C5C0C3-E6B0-37A3-6206-08D65E2F4A9C">
<createdBy>sd</createdBy>
<createdTime>2024-10-04 03:26:54 UTC</createdTime>
<ownerDesignName> EFT_S9_Cesarr_lynch</ownerDesignName>
</ColumnProxy>
<ColumnProxy name="durac" id="50477F62-8E55-2826-EB26-16D8268B7DB6">
<createdBy>sd</createdBy>
<createdTime>2024-10-04 03:26:54 UTC</createdTime>
<ownerDesignName> EFT_S9_Cesarr_lynch</ownerDesignName>
</ColumnProxy>
<ColumnProxy name="nomb_curs" id="891EE0F7-298B-9740-6017-30AEDEEB1095">
<createdBy>sd</createdBy>
<createdTime>2024-10-04 03:26:54 UTC</createdTime>
<ownerDesignName> EFT_S9_Cesarr_lynch</ownerDesignName>
</ColumnProxy>
<ColumnProxy name="id_curs" id="C3DCEF7A-9A94-9773-B5E2-835A17487B5C">
<createdBy>sd</createdBy>
<createdTime>2024-10-04 03:26:54 UTC</createdTime>
<ownerDesignName> EFT_S9_Cesarr_lynch</ownerDesignName>
</ColumnProxy>
</columnProxies>
<foreignKeys>
<ForeignKey class="oracle.dbtools.crest.model.design.storage.oracle.v10g.FKProxyOraclev10g" name="curs_acad_FK" id="BB0A7707-DFE2-3C52-6CEE-AAC129EAACBD">
<createdBy>sd</createdBy>
<createdTime>2024-10-04 03:26:54 UTC</createdTime>
<ownerDesignName> EFT_S9_Cesarr_lynch</ownerDesignName>
</ForeignKey>
</foreignKeys>
<primaryKeys>
<PrimaryKey class="oracle.dbtools.crest.model.design.storage.oracle.v10g.PKProxyOraclev10g" name="curs_PK" id="F1831915-FE9F-BB82-CF7F-7227DB9C06FE">
<createdBy>sd</createdBy>
<createdTime>2024-10-04 03:26:54 UTC</createdTime>
<ownerDesignName> EFT_S9_Cesarr_lynch</ownerDesignName>
<indexSort>SORTED</indexSort>
</PrimaryKey>
</primaryKeys>
</TableProxyOraclev20c>