<?xml version = '1.0' encoding = 'UTF-8'?>
<TableProxyOraclev20c class="oracle.dbtools.crest.model.design.storage.oracle.v20c.TableProxyOraclev20c" name="profe" directorySegmentName="seg_0" id="FBBE9936-38F1-34DC-22F6-EC3755293E33">
<createdBy>sd</createdBy>
<createdTime>2024-10-04 03:26:54 UTC</createdTime>
<ownerDesignName> EFT_S9_Cesarr_lynch</ownerDesignName>
<logging>YES</logging>
<partitionedRowMovement>DISABLE</partitionedRowMovement>
<temporaryChanged>false</temporaryChanged>
<accessDriverType>oracle_loader</accessDriverType>
<rejectLimit></rejectLimit>
<columnProxies itemClass="oracle.dbtools.crest.model.design.storage.oracle.v12c.ColumnProxyOraclev12c">
<ColumnProxy name="id_prof" id="0CBC5197-43B4-90AA-391E-752BD7F651AC">
<createdBy>sd</createdBy>
<createdTime>2024-10-04 03:26:54 UTC</createdTime>
<ownerDesignName> EFT_S9_Cesarr_lynch</ownerDesignName>
</ColumnProxy>
<ColumnProxy name="tipo_con" id="2972227D-A3D5-8A91-51BF-707F50EA47C8">
<createdBy>sd</createdBy>
<createdTime>2024-10-04 03:26:54 UTC</createdTime>
<ownerDesignName> EFT_S9_Cesarr_lynch</ownerDesignName>
</ColumnProxy>
<ColumnProxy name="remu" id="334E701D-B000-ECE8-D9E3-F83EF01520CC">
<createdBy>sd</createdBy>
<createdTime>2024-10-04 03:26:54 UTC</createdTime>
<ownerDesignName> EFT_S9_Cesarr_lynch</ownerDesignName>
</ColumnProxy>
<ColumnProxy name="nomb_prof" id="F1D09995-B10A-7976-E56F-16ECEFE5F001">
<createdBy>sd</createdBy>
<createdTime>2024-10-04 03:26:54 UTC</createdTime>
<ownerDesignName> EFT_S9_Cesarr_lynch</ownerDesignName>
</ColumnProxy>
</columnProxies>
<primaryKeys>
<PrimaryKey class="oracle.dbtools.crest.model.design.storage.oracle.v10g.PKProxyOraclev10g" name="profe_PK" id="7D77FB60-A70B-BD6C-23CD-5F7B40356F52">
<createdBy>sd</createdBy>
<createdTime>2024-10-04 03:26:54 UTC</createdTime>
<ownerDesignName> EFT_S9_Cesarr_lynch</ownerDesignName>
<indexSort>SORTED</indexSort>
</PrimaryKey>
</primaryKeys>
</TableProxyOraclev20c>