<?xml version = '1.0' encoding = 'UTF-8'?>
<FKIndexAssociation class="oracle.dbtools.crest.model.design.relational.FKIndexAssociation" directorySegmentName="seg_0" id="2FD58B91-9D6B-8470-6128-A6C874A5A42C" containerWithKeyObject="D67E44E8-437E-D693-50B1-1142084791F3" localFKIndex="F1AD8BD1-285F-B58B-35B8-69D7761F657D" name="insu_profe_FK">
<sourceDDLFile>examenfinal.sql</sourceDDLFile>
<createdBy>sd</createdBy>
<createdTime>2024-10-04 03:26:54 UTC</createdTime>
<ownerDesignName> EFT_S9_Cesarr_lynch</ownerDesignName>
<importedID>C39A6256-C618-57B0-4BBA-3D07D154CD31</importedID>
<referredTableLongName>profe</referredTableLongName>
<deleteRule>NO ACTION</deleteRule>
<referredTableID>FBBE9936-38F1-34DC-22F6-EC3755293E33</referredTableID>
<keyObject>7D77FB60-A70B-BD6C-23CD-5F7B40356F52</keyObject>
<referredKeyID>7D77FB60-A70B-BD6C-23CD-5F7B40356F52</referredKeyID>
<mandatory>true</mandatory>
<refColNames>id_prof</refColNames>
<transferable>true</transferable>
<rely>false</rely>
<columnDependencyConstraintGenerateInDDL>true</columnDependencyConstraintGenerateInDDL>
</FKIndexAssociation>