<?xml version = '1.0' encoding = 'UTF-8'?>
<FKIndexAssociation class="oracle.dbtools.crest.model.design.relational.FKIndexAssociation" directorySegmentName="seg_0" id="42E06E03-05E2-ABEA-70E6-2636BD1CAD1E" containerWithKeyObject="D67E44E8-437E-D693-50B1-1142084791F3" localFKIndex="0F825017-17EB-8E66-2F64-80CC3B85A375" name="insu_curs_FK">
<sourceDDLFile>examenfinal.sql</sourceDDLFile>
<createdBy>sd</createdBy>
<createdTime>2024-10-04 03:26:54 UTC</createdTime>
<ownerDesignName> EFT_S9_Cesarr_lynch</ownerDesignName>
<importedID>BF1D7456-5CAA-CD88-A0D5-B1BC6203071B</importedID>
<referredTableLongName>curs</referredTableLongName>
<deleteRule>NO ACTION</deleteRule>
<referredTableID>96A9E56B-246B-4DED-4028-6CE09CAAA0B4</referredTableID>
<keyObject>F1831915-FE9F-BB82-CF7F-7227DB9C06FE</keyObject>
<referredKeyID>F1831915-FE9F-BB82-CF7F-7227DB9C06FE</referredKeyID>
<mandatory>true</mandatory>
<refColNames>id_curs</refColNames>
<transferable>true</transferable>
<rely>false</rely>
<columnDependencyConstraintGenerateInDDL>true</columnDependencyConstraintGenerateInDDL>
</FKIndexAssociation>