<?xml version = '1.0' encoding = 'UTF-8'?>
<FKIndexAssociation class="oracle.dbtools.crest.model.design.relational.FKIndexAssociation" directorySegmentName="seg_0" id="47BA22B5-B2D1-1D42-DA7E-D4611B98C9DB" containerWithKeyObject="0F6580E8-BB67-7FAD-F2CD-2B576B33D3FC" localFKIndex="CE0C2309-2DF4-25E7-A1B7-9EC94AFE34D0" name="acad_profe_FK">
<sourceDDLFile>examenfinal.sql</sourceDDLFile>
<createdBy>sd</createdBy>
<createdTime>2024-10-04 03:26:54 UTC</createdTime>
<ownerDesignName> EFT_S9_Cesarr_lynch</ownerDesignName>
<importedID>31FADAF7-9AD8-CCD5-A113-A5201F71960D</importedID>
<referredTableLongName>profe</referredTableLongName>
<deleteRule>NO ACTION</deleteRule>
<referredTableID>FBBE9936-38F1-34DC-22F6-EC3755293E33</referredTableID>
<keyObject>7D77FB60-A70B-BD6C-23CD-5F7B40356F52</keyObject>
<referredKeyID>7D77FB60-A70B-BD6C-23CD-5F7B40356F52</referredKeyID>
<mandatory>false</mandatory>
<refColNames>id_prof</refColNames>
<transferable>true</transferable>
<rely>false</rely>
<columnDependencyConstraintGenerateInDDL>true</columnDependencyConstraintGenerateInDDL>
</FKIndexAssociation>