<?xml version = '1.0' encoding = 'UTF-8'?>
<FKIndexAssociation class="oracle.dbtools.crest.model.design.relational.FKIndexAssociation" directorySegmentName="seg_0" id="7182D524-EC13-0BC1-20FC-FBE5F5235232" containerWithKeyObject="0F6580E8-BB67-7FAD-F2CD-2B576B33D3FC" localFKIndex="657899C7-78DC-F6AE-33BA-16F94A46CD0E" name="acad_muni_FK">
<sourceDDLFile>examenfinal.sql</sourceDDLFile>
<createdBy>sd</createdBy>
<createdTime>2024-10-04 03:26:54 UTC</createdTime>
<ownerDesignName> EFT_S9_Cesarr_lynch</ownerDesignName>
<importedID>F8DE4A5A-FCD8-EBF5-2BF1-A0A80E8B95A9</importedID>
<referredTableLongName>muni</referredTableLongName>
<deleteRule>NO ACTION</deleteRule>
<referredTableID>6C0E5E99-1F51-EF3C-E0A1-65476459498D</referredTableID>
<keyObject>42F9F9D3-BE5A-F908-F6EF-166284949523</keyObject>
<referredKeyID>42F9F9D3-BE5A-F908-F6EF-166284949523</referredKeyID>
<mandatory>false</mandatory>
<refColNames>id_mun</refColNames>
<transferable>true</transferable>
<rely>false</rely>
<columnDependencyConstraintGenerateInDDL>true</columnDependencyConstraintGenerateInDDL>
</FKIndexAssociation>