<?xml version = '1.0' encoding = 'UTF-8'?>
<FKIndexAssociation class="oracle.dbtools.crest.model.design.relational.FKIndexAssociation" directorySegmentName="seg_0" id="73746AD4-DD4B-EB66-9478-6EB53AD3C3C9" containerWithKeyObject="96A9E56B-246B-4DED-4028-6CE09CAAA0B4" localFKIndex="BB0A7707-DFE2-3C52-6CEE-AAC129EAACBD" name="curs_acad_FK">
<sourceDDLFile>examenfinal.sql</sourceDDLFile>
<createdBy>sd</createdBy>
<createdTime>2024-10-04 03:26:54 UTC</createdTime>
<ownerDesignName> EFT_S9_Cesarr_lynch</ownerDesignName>
<importedID>8723A606-D2A0-8D38-B0F4-E70E89750B00</importedID>
<referredTableLongName>acad</referredTableLongName>
<deleteRule>NO ACTION</deleteRule>
<referredTableID>0F6580E8-BB67-7FAD-F2CD-2B576B33D3FC</referredTableID>
<keyObject>F72D1980-1A81-7026-618E-4AF84EF4D628</keyObject>
<referredKeyID>F72D1980-1A81-7026-618E-4AF84EF4D628</referredKeyID>
<mandatory>false</mandatory>
<refColNames>id_acad</refColNames>
<transferable>true</transferable>
<rely>false</rely>
<columnDependencyConstraintGenerateInDDL>true</columnDependencyConstraintGenerateInDDL>
</FKIndexAssociation>