<?xml version = '1.0' encoding = 'UTF-8'?>
<FKIndexAssociation class="oracle.dbtools.crest.model.design.relational.FKIndexAssociation" directorySegmentName="seg_0" id="84EC1270-7D77-0C27-D135-188AEDAAD61F" containerWithKeyObject="0570AC9A-73A5-BDAB-3D7D-05E0C1C93894" localFKIndex="4486274B-A642-9EA9-DB74-F2081A1E3AC9" name="turno_acad_FK">
<sourceDDLFile>examenfinal.sql</sourceDDLFile>
<createdBy>sd</createdBy>
<createdTime>2024-10-04 03:26:54 UTC</createdTime>
<ownerDesignName> EFT_S9_Cesarr_lynch</ownerDesignName>
<importedID>0D2D59B9-E62A-02F0-1726-A6F7F88B2B44</importedID>
<referredTableLongName>acad</referredTableLongName>
<deleteRule>NO ACTION</deleteRule>
<referredTableID>0F6580E8-BB67-7FAD-F2CD-2B576B33D3FC</referredTableID>
<keyObject>F72D1980-1A81-7026-618E-4AF84EF4D628</keyObject>
<referredKeyID>F72D1980-1A81-7026-618E-4AF84EF4D628</referredKeyID>
<mandatory>false</mandatory>
<refColNames>id_acad</refColNames>
<transferable>true</transferable>
<rely>false</rely>
<columnDependencyConstraintGenerateInDDL>true</columnDependencyConstraintGenerateInDDL>
</FKIndexAssociation>