<?xml version = '1.0' encoding = 'UTF-8'?>
<FKIndexAssociation class="oracle.dbtools.crest.model.design.relational.FKIndexAssociation" directorySegmentName="seg_0" id="EDBC3A10-A223-6D93-40D7-B4507ACCB38C" containerWithKeyObject="6ADA9F35-C1E6-EA53-EEF1-708867EB5292" localFKIndex="1D953D90-611B-0ADD-8B7E-EEA353C2B686" name="postu_proye_FK">
<sourceDDLFile>examenfinal.sql</sourceDDLFile>
<createdBy>sd</createdBy>
<createdTime>2024-10-04 03:26:54 UTC</createdTime>
<ownerDesignName> EFT_S9_Cesarr_lynch</ownerDesignName>
<importedID>36A1C454-877F-53B4-8CB3-40449125DCEA</importedID>
<referredTableLongName>proye</referredTableLongName>
<deleteRule>NO ACTION</deleteRule>
<referredTableID>762F409A-F69A-A609-36EB-EB2FF6E50CCF</referredTableID>
<keyObject>4CDF72DF-6C9E-FA2A-6C57-7C414B214754</keyObject>
<referredKeyID>4CDF72DF-6C9E-FA2A-6C57-7C414B214754</referredKeyID>
<mandatory>false</mandatory>
<refColNames>id_proy</refColNames>
<transferable>true</transferable>
<rely>false</rely>
<columnDependencyConstraintGenerateInDDL>true</columnDependencyConstraintGenerateInDDL>
</FKIndexAssociation>