<?xml version = '1.0' encoding = 'UTF-8'?>
<FKIndexAssociation class="oracle.dbtools.crest.model.design.relational.FKIndexAssociation" directorySegmentName="seg_0" id="F23BB913-AED5-2289-9838-2E388E687849" containerWithKeyObject="0570AC9A-73A5-BDAB-3D7D-05E0C1C93894" localFKIndex="0D1F2767-4D08-7291-C812-0D698A6F0152" name="turno_profe_FK">
<sourceDDLFile>examenfinal.sql</sourceDDLFile>
<createdBy>sd</createdBy>
<createdTime>2024-10-04 03:26:54 UTC</createdTime>
<ownerDesignName> EFT_S9_Cesarr_lynch</ownerDesignName>
<importedID>F9D09B25-5677-0D34-58A8-BC1FE11A0EC6</importedID>
<referredTableLongName>profe</referredTableLongName>
<deleteRule>NO ACTION</deleteRule>
<referredTableID>FBBE9936-38F1-34DC-22F6-EC3755293E33</referredTableID>
<keyObject>7D77FB60-A70B-BD6C-23CD-5F7B40356F52</keyObject>
<referredKeyID>7D77FB60-A70B-BD6C-23CD-5F7B40356F52</referredKeyID>
<mandatory>false</mandatory>
<refColNames>id_prof</refColNames>
<transferable>true</transferable>
<rely>false</rely>
<columnDependencyConstraintGenerateInDDL>true</columnDependencyConstraintGenerateInDDL>
</FKIndexAssociation>