<?xml version = '1.0' encoding = 'UTF-8'?>
<FKIndexAssociation class="oracle.dbtools.crest.model.design.relational.FKIndexAssociation" directorySegmentName="seg_0" id="F5654AB7-83ED-FB46-5B79-40C56113DA8A" containerWithKeyObject="6ADA9F35-C1E6-EA53-EEF1-708867EB5292" localFKIndex="9DD07681-F94F-D2C3-ED8A-DFE9CFC65367" name="postu_acad_FK">
<sourceDDLFile>examenfinal.sql</sourceDDLFile>
<createdBy>sd</createdBy>
<createdTime>2024-10-04 03:26:54 UTC</createdTime>
<ownerDesignName> EFT_S9_Cesarr_lynch</ownerDesignName>
<importedID>EC440749-F4E0-57B8-6EA4-E869C7936D2C</importedID>
<referredTableLongName>acad</referredTableLongName>
<deleteRule>NO ACTION</deleteRule>
<referredTableID>0F6580E8-BB67-7FAD-F2CD-2B576B33D3FC</referredTableID>
<keyObject>F72D1980-1A81-7026-618E-4AF84EF4D628</keyObject>
<referredKeyID>F72D1980-1A81-7026-618E-4AF84EF4D628</referredKeyID>
<mandatory>false</mandatory>
<refColNames>id_acad</refColNames>
<transferable>true</transferable>
<rely>false</rely>
<columnDependencyConstraintGenerateInDDL>true</columnDependencyConstraintGenerateInDDL>
</FKIndexAssociation>