<?xml version = '1.0' encoding = 'UTF-8'?>
<Diagram class="oracle.dbtools.crest.swingui.logical.DPVLogical" name="Logical" id="47F4E0F3-A9F1-7173-C884-791FFB2C7B47">
<createdBy>sd</createdBy>
<modifiedBy>sd</modifiedBy>
<createdTime>2024-10-04 03:27:01 UTC</createdTime>
<autoRoute>false</autoRoute>
<boxInbox>true</boxInbox>
<showLegend>false</showLegend>
<showLabels>false</showLabels>
<showRelAttributes>false</showRelAttributes>
<gridEnabled>false</gridEnabled>
<showGrid>false</showGrid>
<diagramColor>-1</diagramColor>
<display>false</display>
<notation>1</notation>
<objectViews>
<OView class="oracle.dbtools.crest.swingui.logical.TVEntity" oid="037D6625-96B7-D50A-D2F5-64A6FA6B2730" otype="Entity" vid="509E2F6E-BE91-035A-0CC1-18FA030FC722">
<hideElementsInCurrentOnly>false</hideElementsInCurrentOnly>
<bounds x="289" y="210" width="194" height="116"/>
</OView>
<OView class="oracle.dbtools.crest.swingui.logical.TVEntity" oid="04C7D50B-C0DE-9515-1D22-F246C802B8F1" otype="Entity" vid="82C89650-F512-9086-DF4A-33EE40C9CABA">
<hideElementsInCurrentOnly>false</hideElementsInCurrentOnly>
<bounds x="284" y="418" width="192" height="102"/>
</OView>
<OView class="oracle.dbtools.crest.swingui.logical.TVEntity" oid="08619B4D-1762-3B2F-2D09-043A495466FC" otype="Entity" vid="6E2290BA-3F04-E816-58E3-503397FCCD25">
<hideElementsInCurrentOnly>false</hideElementsInCurrentOnly>
<bounds x="818" y="13" width="195" height="88"/>
</OView>
<OView class="oracle.dbtools.crest.swingui.logical.TVEntity" oid="4FEA5DB8-38F1-A058-6208-4F2AFF12F74F" otype="Entity" vid="936F0DCB-44A2-1E37-11C6-25572D6EB6B5">
<hideElementsInCurrentOnly>false</hideElementsInCurrentOnly>
<bounds x="0" y="7" width="263" height="178"/>
</OView>
<OView class="oracle.dbtools.crest.swingui.logical.TVEntity" oid="696C2737-EC4F-D624-B45A-477A0CDE807D" otype="Entity" vid="EF8D34D3-7729-61FB-7E1E-19433A56A606">
<hideElementsInCurrentOnly>false</hideElementsInCurrentOnly>
<bounds x="544" y="0" width="198" height="150"/>
</OView>
<OView class="oracle.dbtools.crest.swingui.logical.TVEntity" oid="9A287F85-0D1E-206E-18BB-8EB8993CF8E5" otype="Entity" vid="6BE96574-9295-E9D7-5BB5-D1B452AA772B">
<hideElementsInCurrentOnly>false</hideElementsInCurrentOnly>
<bounds x="0" y="290" width="273" height="122"/>
</OView>
<OView class="oracle.dbtools.crest.swingui.logical.TVEntity" oid="B208F303-1122-DB2B-35B9-A9C946FFC367" otype="Entity" vid="DAB16DD7-CD71-E96F-70DC-3D8F8C8E98B4">
<hideElementsInCurrentOnly>false</hideElementsInCurrentOnly>
<bounds x="837" y="340" width="156" height="122"/>
</OView>
<OView class="oracle.dbtools.crest.swingui.logical.TVEntity" oid="D21BED2E-80A0-E25C-DAF7-6875EC419119" otype="Entity" vid="87882C23-46DC-7280-4C0C-6D480DE72810">
<hideElementsInCurrentOnly>false</hideElementsInCurrentOnly>
<bounds x="799" y="149" width="193" height="122"/>
</OView>
<OView class="oracle.dbtools.crest.swingui.logical.TVEntity" oid="D49B6D7C-0972-EBAF-587D-A1767209FBCB" otype="Entity" vid="24279767-0397-AECA-2413-E1B30E4074D7">
<hideElementsInCurrentOnly>false</hideElementsInCurrentOnly>
<bounds x="320" y="13" width="198" height="164"/>
</OView>
<OView class="oracle.dbtools.crest.swingui.logical.TVEntity" oid="EE148B6C-7054-4D05-5CC9-8A19A49D9A2A" otype="Entity" vid="CD0080AF-099D-B8E8-D90E-11AC1DB59F5B">
<hideElementsInCurrentOnly>false</hideElementsInCurrentOnly>
<bounds x="586" y="248" width="168" height="164"/>
</OView>
</objectViews>
<connectors>
<Connector class="oracle.dbtools.crest.swingui.logical.TVRelation" oid="119AA5B1-5534-E616-5A82-F0D501FA018A" otype="Relation" vid_source="87882C23-46DC-7280-4C0C-6D480DE72810" vid_target="DAB16DD7-CD71-E96F-70DC-3D8F8C8E98B4">
<hideElementsInCurrentOnly>false</hideElementsInCurrentOnly>
<backgroundColor>-16777216</backgroundColor>
<lineWidth>1</lineWidth>
<points>
<point x="914" y="271"/>
<point x="914" y="340"/>
</points>
</Connector>
<Connector class="oracle.dbtools.crest.swingui.logical.TVRelation" oid="230AA736-8517-29A2-FADB-C59714CF495F" otype="Relation" vid_source="EF8D34D3-7729-61FB-7E1E-19433A56A606" vid_target="87882C23-46DC-7280-4C0C-6D480DE72810">
<hideElementsInCurrentOnly>false</hideElementsInCurrentOnly>
<backgroundColor>-16777216</backgroundColor>
<lineWidth>1</lineWidth>
<points>
<point x="742" y="149"/>
<point x="799" y="149"/>
</points>
</Connector>
<Connector class="oracle.dbtools.crest.swingui.logical.TVRelation" oid="5150EEB6-5E1C-599B-6404-5BBE4EDA21E1" otype="Relation" vid_source="EF8D34D3-7729-61FB-7E1E-19433A56A606" vid_target="CD0080AF-099D-B8E8-D90E-11AC1DB59F5B">
<hideElementsInCurrentOnly>false</hideElementsInCurrentOnly>
<backgroundColor>-16777216</backgroundColor>
<lineWidth>1</lineWidth>
<points>
<point x="664" y="150"/>
<point x="664" y="248"/>
</points>
</Connector>
<Connector class="oracle.dbtools.crest.swingui.logical.TVRelation" oid="5BC3BA70-6BE1-AAA7-C80A-9DAD3122759A" otype="Relation" vid_source="82C89650-F512-9086-DF4A-33EE40C9CABA" vid_target="CD0080AF-099D-B8E8-D90E-11AC1DB59F5B">
<hideElementsInCurrentOnly>false</hideElementsInCurrentOnly>
<backgroundColor>-16777216</backgroundColor>
<lineWidth>1</lineWidth>
<points>
<point x="476" y="422"/>
<point x="586" y="370"/>
</points>
</Connector>
<Connector class="oracle.dbtools.crest.swingui.logical.TVRelation" oid="6C880871-1A75-60C8-F557-8AFC1ACE809C" otype="Relation" vid_source="6BE96574-9295-E9D7-5BB5-D1B452AA772B" vid_target="936F0DCB-44A2-1E37-11C6-25572D6EB6B5">
<hideElementsInCurrentOnly>false</hideElementsInCurrentOnly>
<backgroundColor>-16777216</backgroundColor>
<lineWidth>1</lineWidth>
<points>
<point x="273" y="290"/>
<point x="131" y="185"/>
</points>
</Connector>
<Connector class="oracle.dbtools.crest.swingui.logical.TVRelation" oid="893701BA-F694-293D-BBD0-58A44A225BB6" otype="Relation" vid_source="6E2290BA-3F04-E816-58E3-503397FCCD25" vid_target="EF8D34D3-7729-61FB-7E1E-19433A56A606">
<hideElementsInCurrentOnly>false</hideElementsInCurrentOnly>
<backgroundColor>-16777216</backgroundColor>
<lineWidth>1</lineWidth>
<points>
<point x="818" y="57"/>
<point x="742" y="57"/>
</points>
</Connector>
<Connector class="oracle.dbtools.crest.swingui.logical.TVRelation" oid="9AFF1B70-A870-0E46-C35A-0A0AEDBD133B" otype="Relation" vid_source="82C89650-F512-9086-DF4A-33EE40C9CABA" vid_target="EF8D34D3-7729-61FB-7E1E-19433A56A606">
<hideElementsInCurrentOnly>false</hideElementsInCurrentOnly>
<backgroundColor>-16777216</backgroundColor>
<lineWidth>1</lineWidth>
<points>
<point x="414" y="418"/>
<point x="592" y="150"/>
</points>
</Connector>
<Connector class="oracle.dbtools.crest.swingui.logical.TVRelation" oid="BBF641AE-12D8-1BEB-4224-C9C8141F46F7" otype="Relation" vid_source="82C89650-F512-9086-DF4A-33EE40C9CABA" vid_target="DAB16DD7-CD71-E96F-70DC-3D8F8C8E98B4">
<hideElementsInCurrentOnly>false</hideElementsInCurrentOnly>
<backgroundColor>-16777216</backgroundColor>
<lineWidth>1</lineWidth>
<points>
<point x="476" y="440"/>
<point x="837" y="440"/>
</points>
</Connector>
<Connector class="oracle.dbtools.crest.swingui.logical.TVRelation" oid="BD2BAEA2-506E-7548-4B2E-58712AFD5E39" otype="Relation" vid_source="EF8D34D3-7729-61FB-7E1E-19433A56A606" vid_target="24279767-0397-AECA-2413-E1B30E4074D7">
<hideElementsInCurrentOnly>false</hideElementsInCurrentOnly>
<backgroundColor>-16777216</backgroundColor>
<lineWidth>1</lineWidth>
<points>
<point x="544" y="81"/>
<point x="518" y="81"/>
</points>
</Connector>
<Connector class="oracle.dbtools.crest.swingui.logical.TVRelation" oid="F9141F4C-9D44-7299-3C10-C9DDFA391586" otype="Relation" vid_source="509E2F6E-BE91-035A-0CC1-18FA030FC722" vid_target="24279767-0397-AECA-2413-E1B30E4074D7">
<hideElementsInCurrentOnly>false</hideElementsInCurrentOnly>
<backgroundColor>-16777216</backgroundColor>
<lineWidth>1</lineWidth>
<points>
<point x="401" y="210"/>
<point x="401" y="177"/>
</points>
</Connector>
</connectors>
</Diagram>