<?xml version = '1.0' encoding = 'UTF-8'?>
<relationalModel class="oracle.dbtools.crest.model.design.relational.RelationalDesign" name="Relational_1" id="2C58F063-4171-9B1B-98EC-1052407B2DCC" mainViewID="957E8FB9-F98F-0D93-C3A2-A21AEC6180A4">
<createdBy>sd</createdBy>
<createdTime>2024-10-04 03:26:29 UTC</createdTime>
<ownerDesignName>todolisotookkkk</ownerDesignName>
<shouldBeOpen>true</shouldBeOpen>
<selectedRDBMSSite>01F6E6D1-21D0-CFBD-ABDD-3988D1813575</selectedRDBMSSite>
<importDDLFileStamps>
<importDDLFileStamp class="oracle.dbtools.crest.imports.DDLFileStamp">
<fileName>examenfinal.sql</fileName>
<pathName>C:\Users\cesar\Dropbox\Mi PC (LAPTOP-8ISB15TJ)\Desktop\sumativa3</pathName>
<dbType>17</dbType>
</importDDLFileStamp>
<importDDLFileStamp class="oracle.dbtools.crest.imports.DDLFileStamp">
<fileName>tablaaa.sql</fileName>
<pathName>C:\Users\cesar\Dropbox\Mi PC (LAPTOP-8ISB15TJ)\Desktop\examen final</pathName>
<dbType>17</dbType>
</importDDLFileStamp>
</importDDLFileStamps>
</relationalModel>