<?xml version = '1.0' encoding = 'UTF-8'?>
<relationalModel class="oracle.dbtools.crest.model.design.relational.RelationalDesign" name="examenfinal" id="E8484329-8E4D-2379-61D7-5C55375273C6" mainViewID="29825E49-C9A3-928C-6F0E-D83474437728">
<createdBy>sd</createdBy>
<createdTime>2024-10-04 03:26:32 UTC</createdTime>
<ownerDesignName>todolisotookkkk</ownerDesignName>
<shouldBeOpen>true</shouldBeOpen>
<selectedRDBMSSite>01F6E6D1-21D0-CFBD-ABDD-3988D1813575</selectedRDBMSSite>
<importDDLFileStamps>
<importDDLFileStamp class="oracle.dbtools.crest.imports.DDLFileStamp">
<fileName>examenfinal.sql</fileName>
<pathName>C:\Users\cesar\Dropbox\Mi PC (LAPTOP-8ISB15TJ)\Desktop\sumativa3</pathName>
<dbType>17</dbType>
</importDDLFileStamp>
</importDDLFileStamps>
</relationalModel>