<?xml version = '1.0' encoding = 'UTF-8'?>
<Table class="oracle.dbtools.crest.model.design.relational.Table" directorySegmentName="seg_0" id="1A979A04-3DDC-FF5C-D169-D7C33432503C" schemaObject="A7A6CC7B-94EB-D29E-2533-55154BEDDD30" name="ESTADO_POSTULACION">
<sourceDDLFile>tablaaa.sql</sourceDDLFile>
<createdBy>sd</createdBy>
<createdTime>2024-10-04 03:31:32 UTC</createdTime>
<ownerDesignName> EFT_S9_Cesarr_lynch</ownerDesignName>
<importedID>496FE566-1FEF-1149-06A8-9373B927C221</importedID>
<allowColumnReorder>false</allowColumnReorder>
<existDependencyGenerateInDDl>true</existDependencyGenerateInDDl>
<parsed>true</parsed>
<columns itemClass="oracle.dbtools.crest.model.design.relational.Column">
<Column name="ID_ESTADO" id="05F7F736-4C08-1E29-8D38-9CF1108CF37F">
<sourceDDLFile>tablaaa.sql</sourceDDLFile>
<createdBy>sd</createdBy>
<createdTime>2024-10-04 03:31:32 UTC</createdTime>
<ownerDesignName> EFT_S9_Cesarr_lynch</ownerDesignName>
<importedID>79E8F192-EC91-F201-DCD1-5BD54B5B2E8B</importedID>
<use>0</use>
<logicalDatatype>LOGDT019</logicalDatatype>
<domain>5E0521C9-1C83-4AFE-4A4E-D76B58E28465</domain>
<ownDataTypeParameters>,,</ownDataTypeParameters>
<autoIncrementCycle>false</autoIncrementCycle>
</Column>
<Column name="NOMB_ESTADO" id="D993630D-01C2-1663-28D6-63F8908B82BB">
<sourceDDLFile>tablaaa.sql</sourceDDLFile>
<createdBy>sd</createdBy>
<createdTime>2024-10-04 03:31:32 UTC</createdTime>
<ownerDesignName> EFT_S9_Cesarr_lynch</ownerDesignName>
<importedID>2F66862C-A603-CBDB-42AE-E7B9B61B91FF</importedID>
<use>0</use>
<logicalDatatype>LOGDT024</logicalDatatype>
<domain>7524999C-2B4B-4222-F983-5E8E231CF05B</domain>
<ownDataTypeParameters>,,</ownDataTypeParameters>
<autoIncrementCycle>false</autoIncrementCycle>
</Column>
</columns>
<indexes itemClass="oracle.dbtools.crest.model.design.relational.Index">
<ind_PK_UK id="7C0BE40A-B7D5-0025-68E6-91D72252F317" name="ESTADO_POSTULACION_PK">
<sourceDDLFile>tablaaa.sql</sourceDDLFile>
<createdBy>sd</createdBy>
<createdTime>2024-10-04 03:31:32 UTC</createdTime>
<ownerDesignName> EFT_S9_Cesarr_lynch</ownerDesignName>
<importedID>2C515444-CC22-CD73-86BE-05E63DBD1835</importedID>
<pk>true</pk>
<indexState>Primary Constraint</indexState>
<isSurrogateKey>false</isSurrogateKey>
<indexColumnUsage>
<colUsage columnID="05F7F736-4C08-1E29-8D38-9CF1108CF37F"/>
</indexColumnUsage>
</ind_PK_UK>
<ind_PK_UK id="08432806-EA93-9345-ACAC-32EB66329D97" name="ESTADO_POSTULACION_UK0">
<sourceDDLFile>tablaaa.sql</sourceDDLFile>
<createdBy>sd</createdBy>
<createdTime>2024-10-04 03:31:32 UTC</createdTime>
<ownerDesignName> EFT_S9_Cesarr_lynch</ownerDesignName>
<importedID>7DD80A98-3198-D58B-E60B-01C2EEA812E9</importedID>
<indexState>Unique Constraint</indexState>
<isSurrogateKey>false</isSurrogateKey>
<indexColumnUsage>
<colUsage columnID="D993630D-01C2-1663-28D6-63F8908B82BB"/>
</indexColumnUsage>
</ind_PK_UK>
<ind_PK_UK id="B2DD05DF-B4A4-CF85-6D76-89A4201E01DA" schemaObject="A7A6CC7B-94EB-D29E-2533-55154BEDDD30" name="SYS_C0031768">
<sourceDDLFile>tablaaa.sql</sourceDDLFile>
<createdBy>sd</createdBy>
<createdTime>2024-10-04 03:31:32 UTC</createdTime>
<ownerDesignName> EFT_S9_Cesarr_lynch</ownerDesignName>
<importedID>7403BBA7-475F-FC83-D7C1-063EE0B6EF9D</importedID>
<indexState>Unique Plain Index</indexState>
<isSurrogateKey>false</isSurrogateKey>
<indexColumnUsage>
<colUsage columnID="05F7F736-4C08-1E29-8D38-9CF1108CF37F"/>
</indexColumnUsage>
</ind_PK_UK>
<ind_PK_UK id="7664B35A-3931-C99C-048D-4E574A1E322D" schemaObject="A7A6CC7B-94EB-D29E-2533-55154BEDDD30" name="SYS_C0031769">
<sourceDDLFile>tablaaa.sql</sourceDDLFile>
<createdBy>sd</createdBy>
<createdTime>2024-10-04 03:31:32 UTC</createdTime>
<ownerDesignName> EFT_S9_Cesarr_lynch</ownerDesignName>
<importedID>56A75E5E-FE81-2A74-DF36-2176375DAD2F</importedID>
<indexState>Unique Plain Index</indexState>
<isSurrogateKey>false</isSurrogateKey>
<indexColumnUsage>
<colUsage columnID="D993630D-01C2-1663-28D6-63F8908B82BB"/>
</indexColumnUsage>
</ind_PK_UK>
</indexes>
</Table>