<?xml version = '1.0' encoding = 'UTF-8'?>
<Table class="oracle.dbtools.crest.model.design.relational.Table" directorySegmentName="seg_0" id="26F19B6F-8152-4557-029B-5D6FD0CD99FE" name="insu">
<sourceDDLFile>tablaaa.sql</sourceDDLFile>
<createdBy>sd</createdBy>
<createdTime>2024-10-04 03:31:32 UTC</createdTime>
<ownerDesignName> EFT_S9_Cesarr_lynch</ownerDesignName>
<importedID>B5E93E39-6C2C-8A09-2002-E121E39AB58B</importedID>
<allowColumnReorder>false</allowColumnReorder>
<existDependencyGenerateInDDl>true</existDependencyGenerateInDDl>
<parsed>true</parsed>
<columns itemClass="oracle.dbtools.crest.model.design.relational.Column">
<Column name="id_prof" id="830ED98D-C836-E93B-F6EB-021A94C333BB">
<sourceDDLFile>tablaaa.sql</sourceDDLFile>
<createdBy>sd</createdBy>
<createdTime>2024-10-04 03:31:32 UTC</createdTime>
<ownerDesignName> EFT_S9_Cesarr_lynch</ownerDesignName>
<importedID>7FC3AEFE-F8B6-2886-6B06-20D7CD3D7D15</importedID>
<use>0</use>
<logicalDatatype>LOGDT011</logicalDatatype>
<domain>2AC6CBBF-67F3-8979-9739-6C4E07B96E0A</domain>
<ownDataTypeParameters>,,</ownDataTypeParameters>
<autoIncrementCycle>false</autoIncrementCycle>
<associations>
<colAssociation fkAssociation="FEFEA35D-45C9-BB77-E52D-82AD3DABDDE3" referredColumn="AF93F1B8-F380-7974-60AD-8832318A723F"/>
</associations>
</Column>
<Column name="id_curs" id="D9678D3B-A293-CA8B-B546-F9BCB4F83A20">
<sourceDDLFile>tablaaa.sql</sourceDDLFile>
<createdBy>sd</createdBy>
<createdTime>2024-10-04 03:31:32 UTC</createdTime>
<ownerDesignName> EFT_S9_Cesarr_lynch</ownerDesignName>
<importedID>58B523E6-A5D8-79B3-1AA3-6CC81E2BB339</importedID>
<use>0</use>
<logicalDatatype>LOGDT011</logicalDatatype>
<domain>2AC6CBBF-67F3-8979-9739-6C4E07B96E0A</domain>
<ownDataTypeParameters>,,</ownDataTypeParameters>
<autoIncrementCycle>false</autoIncrementCycle>
<associations>
<colAssociation fkAssociation="AFE2B24E-5D8F-2865-A276-0728658377E2" referredColumn="D3AD4730-D27A-5D62-1DE0-D39B9E09C5EA"/>
</associations>
</Column>
<Column name="fech_asig" id="C03DAF2A-0D77-CBDA-B62D-A4D9FCDF21FD">
<sourceDDLFile>tablaaa.sql</sourceDDLFile>
<createdBy>sd</createdBy>
<createdTime>2024-10-04 03:31:32 UTC</createdTime>
<ownerDesignName> EFT_S9_Cesarr_lynch</ownerDesignName>
<importedID>CE0522C5-237B-3356-D232-E750AB946A3B</importedID>
<use>0</use>
<logicalDatatype>LOGDT007</logicalDatatype>
<domain>6BED1052-4EA5-29C0-F10B-DA50C184E6AB</domain>
<ownDataTypeParameters>,,</ownDataTypeParameters>
<autoIncrementCycle>false</autoIncrementCycle>
</Column>
</columns>
<indexes itemClass="oracle.dbtools.crest.model.design.relational.Index">
<ind_PK_UK id="F1C8105F-5DC9-55BB-CDDB-56373DC2271B" name="insu_PK">
<sourceDDLFile>tablaaa.sql</sourceDDLFile>
<createdBy>sd</createdBy>
<createdTime>2024-10-04 03:31:32 UTC</createdTime>
<ownerDesignName> EFT_S9_Cesarr_lynch</ownerDesignName>
<importedID>E105CF5D-8B15-5028-8765-8FDC370B4B06</importedID>
<pk>true</pk>
<indexState>Primary Constraint</indexState>
<isSurrogateKey>false</isSurrogateKey>
<indexColumnUsage>
<colUsage columnID="830ED98D-C836-E93B-F6EB-021A94C333BB"/>
<colUsage columnID="D9678D3B-A293-CA8B-B546-F9BCB4F83A20"/>
</indexColumnUsage>
</ind_PK_UK>
<ind_PK_UK id="D846B64A-49DA-1043-63E1-A1951CD4A02A" name="insu_curs_FK">
<createdBy>sd</createdBy>
<createdTime>2024-10-04 03:31:32 UTC</createdTime>
<ownerDesignName> EFT_S9_Cesarr_lynch</ownerDesignName>
<indexState>Foreign Key</indexState>
<isSurrogateKey>false</isSurrogateKey>
<indexColumnUsage>
<colUsage columnID="D9678D3B-A293-CA8B-B546-F9BCB4F83A20"/>
</indexColumnUsage>
</ind_PK_UK>
<ind_PK_UK id="0BBB1475-77AA-01CE-73F5-BBD341C1D5CB" name="insu_profe_FK">
<createdBy>sd</createdBy>
<createdTime>2024-10-04 03:31:32 UTC</createdTime>
<ownerDesignName> EFT_S9_Cesarr_lynch</ownerDesignName>
<indexState>Foreign Key</indexState>
<isSurrogateKey>false</isSurrogateKey>
<indexColumnUsage>
<colUsage columnID="830ED98D-C836-E93B-F6EB-021A94C333BB"/>
</indexColumnUsage>
</ind_PK_UK>
</indexes>
</Table>