<?xml version = '1.0' encoding = 'UTF-8'?>
<Table class="oracle.dbtools.crest.model.design.relational.Table" directorySegmentName="seg_0" id="A3AFBEDD-E072-4E86-3BB5-8A2CFF008557" name="turno">
<sourceDDLFile>tablaaa.sql</sourceDDLFile>
<createdBy>sd</createdBy>
<createdTime>2024-10-04 03:31:32 UTC</createdTime>
<ownerDesignName> EFT_S9_Cesarr_lynch</ownerDesignName>
<importedID>B83948DA-9C4F-FEDB-7260-EA619D298504</importedID>
<allowColumnReorder>false</allowColumnReorder>
<existDependencyGenerateInDDl>true</existDependencyGenerateInDDl>
<parsed>true</parsed>
<columns itemClass="oracle.dbtools.crest.model.design.relational.Column">
<Column name="id_turn" id="3AE591EB-B44A-D1BE-A7E9-FEBC62F84FFA">
<sourceDDLFile>tablaaa.sql</sourceDDLFile>
<createdBy>sd</createdBy>
<createdTime>2024-10-04 03:31:32 UTC</createdTime>
<ownerDesignName> EFT_S9_Cesarr_lynch</ownerDesignName>
<importedID>0763F742-1144-C418-46D9-10A834617C1E</importedID>
<use>0</use>
<logicalDatatype>LOGDT011</logicalDatatype>
<domain>2AC6CBBF-67F3-8979-9739-6C4E07B96E0A</domain>
<ownDataTypeParameters>,,</ownDataTypeParameters>
<autoIncrementCycle>false</autoIncrementCycle>
</Column>
<Column name="id_prof" id="8F6A491E-5AE8-348F-BAA2-DB1D7D6BD1BB">
<sourceDDLFile>tablaaa.sql</sourceDDLFile>
<createdBy>sd</createdBy>
<createdTime>2024-10-04 03:31:32 UTC</createdTime>
<ownerDesignName> EFT_S9_Cesarr_lynch</ownerDesignName>
<importedID>138E4C0D-72F3-4D7B-2FAE-0616CF9AC899</importedID>
<nullsAllowed>true</nullsAllowed>
<use>0</use>
<logicalDatatype>LOGDT011</logicalDatatype>
<domain>2AC6CBBF-67F3-8979-9739-6C4E07B96E0A</domain>
<ownDataTypeParameters>,,</ownDataTypeParameters>
<autoIncrementCycle>false</autoIncrementCycle>
<associations>
<colAssociation fkAssociation="9D01A203-C8E5-906F-2385-9A1F7CCAE49E" referredColumn="AF93F1B8-F380-7974-60AD-8832318A723F"/>
</associations>
</Column>
<Column name="id_acad" id="6D130817-7830-5641-AEC8-28E65BAA9D12">
<sourceDDLFile>tablaaa.sql</sourceDDLFile>
<createdBy>sd</createdBy>
<createdTime>2024-10-04 03:31:32 UTC</createdTime>
<ownerDesignName> EFT_S9_Cesarr_lynch</ownerDesignName>
<importedID>146A943A-E660-C1E3-6F1F-30A041CC90E3</importedID>
<nullsAllowed>true</nullsAllowed>
<use>0</use>
<logicalDatatype>LOGDT011</logicalDatatype>
<domain>2AC6CBBF-67F3-8979-9739-6C4E07B96E0A</domain>
<ownDataTypeParameters>,,</ownDataTypeParameters>
<autoIncrementCycle>false</autoIncrementCycle>
<associations>
<colAssociation fkAssociation="50655D06-A34A-272D-4D01-C89786C9FFBE" referredColumn="51FD5E71-5555-6708-3E9A-092CF858821E"/>
</associations>
</Column>
<Column name="hor_ini" id="F0CE8890-30A8-7839-29C0-F9C815392BA2">
<sourceDDLFile>tablaaa.sql</sourceDDLFile>
<createdBy>sd</createdBy>
<createdTime>2024-10-04 03:31:32 UTC</createdTime>
<ownerDesignName> EFT_S9_Cesarr_lynch</ownerDesignName>
<importedID>3D37AA83-B17D-DC60-4DAB-2B83E9BC45D0</importedID>
<use>0</use>
<logicalDatatype>LOGDT024</logicalDatatype>
<domain>827B8B0E-AF25-D152-98FE-2CF7D84121C6</domain>
<ownDataTypeParameters>,,</ownDataTypeParameters>
<autoIncrementCycle>false</autoIncrementCycle>
</Column>
<Column name="hor_fin" id="34CD4F20-28F6-0615-95D3-F13686E07CDC">
<sourceDDLFile>tablaaa.sql</sourceDDLFile>
<createdBy>sd</createdBy>
<createdTime>2024-10-04 03:31:32 UTC</createdTime>
<ownerDesignName> EFT_S9_Cesarr_lynch</ownerDesignName>
<importedID>754D0684-EA38-FA0B-5C55-7817B50A3AB2</importedID>
<nullsAllowed>true</nullsAllowed>
<use>0</use>
<logicalDatatype>LOGDT024</logicalDatatype>
<domain>827B8B0E-AF25-D152-98FE-2CF7D84121C6</domain>
<ownDataTypeParameters>,,</ownDataTypeParameters>
<autoIncrementCycle>false</autoIncrementCycle>
</Column>
<Column name="dia_sem" id="ECC61C8F-DE82-7BE9-D355-DA39F9A8CB59">
<sourceDDLFile>tablaaa.sql</sourceDDLFile>
<createdBy>sd</createdBy>
<createdTime>2024-10-04 03:31:32 UTC</createdTime>
<ownerDesignName> EFT_S9_Cesarr_lynch</ownerDesignName>
<importedID>9607F33D-6FA3-610B-F25A-B18226C5598C</importedID>
<use>0</use>
<logicalDatatype>LOGDT024</logicalDatatype>
<domain>827B8B0E-AF25-D152-98FE-2CF7D84121C6</domain>
<ownDataTypeParameters>,,</ownDataTypeParameters>
<autoIncrementCycle>false</autoIncrementCycle>
</Column>
</columns>
<indexes itemClass="oracle.dbtools.crest.model.design.relational.Index">
<ind_PK_UK id="0E20BA6B-99E9-237F-AD21-71625155D697" name="turno_PK">
<sourceDDLFile>tablaaa.sql</sourceDDLFile>
<createdBy>sd</createdBy>
<createdTime>2024-10-04 03:31:32 UTC</createdTime>
<ownerDesignName> EFT_S9_Cesarr_lynch</ownerDesignName>
<importedID>18CCB190-EBB1-DB92-1D83-A638C75DB8B3</importedID>
<pk>true</pk>
<indexState>Primary Constraint</indexState>
<isSurrogateKey>false</isSurrogateKey>
<indexColumnUsage>
<colUsage columnID="3AE591EB-B44A-D1BE-A7E9-FEBC62F84FFA"/>
</indexColumnUsage>
</ind_PK_UK>
<ind_PK_UK id="13A39277-5CBA-4D1A-F56D-C6335B26BAEA" name="turno_acad_FK">
<createdBy>sd</createdBy>
<createdTime>2024-10-04 03:31:33 UTC</createdTime>
<ownerDesignName> EFT_S9_Cesarr_lynch</ownerDesignName>
<indexState>Foreign Key</indexState>
<isSurrogateKey>false</isSurrogateKey>
<indexColumnUsage>
<colUsage columnID="6D130817-7830-5641-AEC8-28E65BAA9D12"/>
</indexColumnUsage>
</ind_PK_UK>
<ind_PK_UK id="3D44A5E0-D49B-726D-6F37-79BAD255C0AC" name="turno_profe_FK">
<createdBy>sd</createdBy>
<createdTime>2024-10-04 03:31:33 UTC</createdTime>
<ownerDesignName> EFT_S9_Cesarr_lynch</ownerDesignName>
<indexState>Foreign Key</indexState>
<isSurrogateKey>false</isSurrogateKey>
<indexColumnUsage>
<colUsage columnID="8F6A491E-5AE8-348F-BAA2-DB1D7D6BD1BB"/>
</indexColumnUsage>
</ind_PK_UK>
</indexes>
</Table>