<?xml version = '1.0' encoding = 'UTF-8'?>
<Table class="oracle.dbtools.crest.model.design.relational.Table" directorySegmentName="seg_0" id="A63EB4CD-3965-50C6-3D5B-F142256F8E5F" name="profe">
<sourceDDLFile>tablaaa.sql</sourceDDLFile>
<createdBy>sd</createdBy>
<createdTime>2024-10-04 03:31:32 UTC</createdTime>
<ownerDesignName> EFT_S9_Cesarr_lynch</ownerDesignName>
<importedID>3034DEAA-8FFB-F5CD-E4CA-09D6A4A3C162</importedID>
<allowColumnReorder>false</allowColumnReorder>
<existDependencyGenerateInDDl>true</existDependencyGenerateInDDl>
<parsed>true</parsed>
<columns itemClass="oracle.dbtools.crest.model.design.relational.Column">
<Column name="id_prof" id="AF93F1B8-F380-7974-60AD-8832318A723F">
<sourceDDLFile>tablaaa.sql</sourceDDLFile>
<createdBy>sd</createdBy>
<createdTime>2024-10-04 03:31:32 UTC</createdTime>
<ownerDesignName> EFT_S9_Cesarr_lynch</ownerDesignName>
<importedID>29F21A3D-9C1C-D41D-715E-8E99814EB75B</importedID>
<use>0</use>
<logicalDatatype>LOGDT011</logicalDatatype>
<domain>2AC6CBBF-67F3-8979-9739-6C4E07B96E0A</domain>
<ownDataTypeParameters>,,</ownDataTypeParameters>
<autoIncrementCycle>false</autoIncrementCycle>
</Column>
<Column name="nomb_prof" id="73E8B90E-F173-A673-E737-DED5BA01E3DF">
<sourceDDLFile>tablaaa.sql</sourceDDLFile>
<createdBy>sd</createdBy>
<createdTime>2024-10-04 03:31:32 UTC</createdTime>
<ownerDesignName> EFT_S9_Cesarr_lynch</ownerDesignName>
<importedID>B0D2358B-238C-6588-EA2F-B3C2E1B4B6E7</importedID>
<use>0</use>
<logicalDatatype>LOGDT024</logicalDatatype>
<domain>AF500923-A197-5788-488E-25C5F58C14C3</domain>
<ownDataTypeParameters>,,</ownDataTypeParameters>
<autoIncrementCycle>false</autoIncrementCycle>
</Column>
<Column name="tipo_con" id="68C56E4E-DE73-6815-13B0-A46BC1D8ED9D">
<sourceDDLFile>tablaaa.sql</sourceDDLFile>
<createdBy>sd</createdBy>
<createdTime>2024-10-04 03:31:32 UTC</createdTime>
<ownerDesignName> EFT_S9_Cesarr_lynch</ownerDesignName>
<importedID>3639E1C0-1A37-FE1D-83AB-486111376311</importedID>
<useDomainConstraints>false</useDomainConstraints>
<use>0</use>
<logicalDatatype>LOGDT024</logicalDatatype>
<domain>2DD4E660-02C6-4A4C-7510-B4D0EA96A5E1</domain>
<listOfValues>
<valueDef value="Honor" description=""/>
<valueDef value="Planta" description=""/>
</listOfValues>
<ownDataTypeParameters>,,</ownDataTypeParameters>
<autoIncrementCycle>false</autoIncrementCycle>
</Column>
<Column name="remu" id="881DCD58-9F5F-2595-614F-8802A67BC342">
<sourceDDLFile>tablaaa.sql</sourceDDLFile>
<createdBy>sd</createdBy>
<createdTime>2024-10-04 03:31:32 UTC</createdTime>
<ownerDesignName> EFT_S9_Cesarr_lynch</ownerDesignName>
<importedID>2AFD55E7-7D29-CA65-97C4-5DA34E94A717</importedID>
<use>0</use>
<logicalDatatype>LOGDT026</logicalDatatype>
<domain>8D3BB1AB-2F01-2228-85DA-928406BA3CEB</domain>
<ownDataTypeParameters>,,</ownDataTypeParameters>
<autoIncrementCycle>false</autoIncrementCycle>
</Column>
</columns>
<indexes itemClass="oracle.dbtools.crest.model.design.relational.Index">
<ind_PK_UK id="3295C4CF-133F-6F54-DCDF-F16E124CBCB7" name="profe_PK">
<sourceDDLFile>tablaaa.sql</sourceDDLFile>
<createdBy>sd</createdBy>
<createdTime>2024-10-04 03:31:32 UTC</createdTime>
<ownerDesignName> EFT_S9_Cesarr_lynch</ownerDesignName>
<importedID>3620C5DF-A684-0A44-D203-44DFE3C3F811</importedID>
<pk>true</pk>
<indexState>Primary Constraint</indexState>
<isSurrogateKey>false</isSurrogateKey>
<indexColumnUsage>
<colUsage columnID="AF93F1B8-F380-7974-60AD-8832318A723F"/>
</indexColumnUsage>
</ind_PK_UK>
</indexes>
</Table>