<?xml version = '1.0' encoding = 'UTF-8'?>
<Table class="oracle.dbtools.crest.model.design.relational.Table" directorySegmentName="seg_0" id="BF995BB2-6E6E-17DE-8751-22DDF964867C" name="proye">
<sourceDDLFile>tablaaa.sql</sourceDDLFile>
<createdBy>sd</createdBy>
<createdTime>2024-10-04 03:31:32 UTC</createdTime>
<ownerDesignName> EFT_S9_Cesarr_lynch</ownerDesignName>
<importedID>6D12600B-8539-8409-E8D0-547B7CDF2434</importedID>
<allowColumnReorder>false</allowColumnReorder>
<existDependencyGenerateInDDl>true</existDependencyGenerateInDDl>
<parsed>true</parsed>
<columns itemClass="oracle.dbtools.crest.model.design.relational.Column">
<Column name="id_proy" id="483DA8BA-3F2A-D40F-CEEA-066BF2FA57B8">
<sourceDDLFile>tablaaa.sql</sourceDDLFile>
<createdBy>sd</createdBy>
<createdTime>2024-10-04 03:31:32 UTC</createdTime>
<ownerDesignName> EFT_S9_Cesarr_lynch</ownerDesignName>
<importedID>B22DC460-5CEF-0A7A-5692-402394FE1C34</importedID>
<use>0</use>
<logicalDatatype>LOGDT011</logicalDatatype>
<domain>2AC6CBBF-67F3-8979-9739-6C4E07B96E0A</domain>
<ownDataTypeParameters>,,</ownDataTypeParameters>
<autoIncrementCycle>false</autoIncrementCycle>
</Column>
<Column name="nomb_proy" id="857A49F1-78CB-73F5-7065-1B469238ED29">
<sourceDDLFile>tablaaa.sql</sourceDDLFile>
<createdBy>sd</createdBy>
<createdTime>2024-10-04 03:31:32 UTC</createdTime>
<ownerDesignName> EFT_S9_Cesarr_lynch</ownerDesignName>
<importedID>DB0B5CE8-301F-D10B-08C0-28D3D2DB138F</importedID>
<use>0</use>
<logicalDatatype>LOGDT024</logicalDatatype>
<domain>AF500923-A197-5788-488E-25C5F58C14C3</domain>
<ownDataTypeParameters>,,</ownDataTypeParameters>
<autoIncrementCycle>false</autoIncrementCycle>
</Column>
<Column name="desc_pro" id="C04D7706-FDBD-3C96-5F49-A44C7CA4D7C5">
<sourceDDLFile>tablaaa.sql</sourceDDLFile>
<createdBy>sd</createdBy>
<createdTime>2024-10-04 03:31:32 UTC</createdTime>
<ownerDesignName> EFT_S9_Cesarr_lynch</ownerDesignName>
<importedID>168B759A-64B6-39C2-6975-5DED68251EFD</importedID>
<nullsAllowed>true</nullsAllowed>
<use>0</use>
<logicalDatatype>LOGDT024</logicalDatatype>
<domain>AF500923-A197-5788-488E-25C5F58C14C3</domain>
<ownDataTypeParameters>,,</ownDataTypeParameters>
<autoIncrementCycle>false</autoIncrementCycle>
</Column>
<Column name="fech_ini" id="B9E2D107-04C4-1694-AE2D-9F92BCB0A4A8">
<sourceDDLFile>tablaaa.sql</sourceDDLFile>
<createdBy>sd</createdBy>
<createdTime>2024-10-04 03:31:32 UTC</createdTime>
<ownerDesignName> EFT_S9_Cesarr_lynch</ownerDesignName>
<importedID>1973AC49-F305-4702-6DEB-ADA9F104E356</importedID>
<use>0</use>
<logicalDatatype>LOGDT007</logicalDatatype>
<domain>6BED1052-4EA5-29C0-F10B-DA50C184E6AB</domain>
<ownDataTypeParameters>,,</ownDataTypeParameters>
<autoIncrementCycle>false</autoIncrementCycle>
</Column>
<Column name="fech_fin" id="E1202667-67BB-8399-2A1D-3BE0299F35CD">
<sourceDDLFile>tablaaa.sql</sourceDDLFile>
<createdBy>sd</createdBy>
<createdTime>2024-10-04 03:31:32 UTC</createdTime>
<ownerDesignName> EFT_S9_Cesarr_lynch</ownerDesignName>
<importedID>4493A48F-0092-BB40-5928-2B8E36631A92</importedID>
<use>0</use>
<logicalDatatype>LOGDT007</logicalDatatype>
<domain>6BED1052-4EA5-29C0-F10B-DA50C184E6AB</domain>
<ownDataTypeParameters>,,</ownDataTypeParameters>
<autoIncrementCycle>false</autoIncrementCycle>
</Column>
</columns>
<indexes itemClass="oracle.dbtools.crest.model.design.relational.Index">
<ind_PK_UK id="1223F92C-000B-416D-6841-6B14FDF08038" name="proye_PK">
<sourceDDLFile>tablaaa.sql</sourceDDLFile>
<createdBy>sd</createdBy>
<createdTime>2024-10-04 03:31:32 UTC</createdTime>
<ownerDesignName> EFT_S9_Cesarr_lynch</ownerDesignName>
<importedID>F7535EFC-C06C-0592-5CC3-C8B2D67C6436</importedID>
<pk>true</pk>
<indexState>Primary Constraint</indexState>
<isSurrogateKey>false</isSurrogateKey>
<indexColumnUsage>
<colUsage columnID="483DA8BA-3F2A-D40F-CEEA-066BF2FA57B8"/>
</indexColumnUsage>
</ind_PK_UK>
</indexes>
</Table>