<?xml version = '1.0' encoding = 'UTF-8'?>
<Table class="oracle.dbtools.crest.model.design.relational.Table" directorySegmentName="seg_0" id="EC23D0F4-9243-6004-D61C-441B52A7F199" name="postu">
<sourceDDLFile>tablaaa.sql</sourceDDLFile>
<createdBy>sd</createdBy>
<createdTime>2024-10-04 03:31:32 UTC</createdTime>
<ownerDesignName> EFT_S9_Cesarr_lynch</ownerDesignName>
<importedID>4B6CAB95-99A5-911D-79ED-503E4EA8EA2E</importedID>
<allowColumnReorder>false</allowColumnReorder>
<existDependencyGenerateInDDl>true</existDependencyGenerateInDDl>
<parsed>true</parsed>
<columns itemClass="oracle.dbtools.crest.model.design.relational.Column">
<Column name="id_post" id="3DB2151B-A348-F8CF-A99D-604E36FEAD3E">
<sourceDDLFile>tablaaa.sql</sourceDDLFile>
<createdBy>sd</createdBy>
<createdTime>2024-10-04 03:31:32 UTC</createdTime>
<ownerDesignName> EFT_S9_Cesarr_lynch</ownerDesignName>
<importedID>DD0FED6F-D6BA-5211-18FD-F9A0257A910B</importedID>
<use>0</use>
<logicalDatatype>LOGDT011</logicalDatatype>
<domain>2AC6CBBF-67F3-8979-9739-6C4E07B96E0A</domain>
<ownDataTypeParameters>,,</ownDataTypeParameters>
<autoIncrementCycle>false</autoIncrementCycle>
</Column>
<Column name="id_acad" id="C95D67B3-08BC-BF5F-12E1-C353EF263777">
<sourceDDLFile>tablaaa.sql</sourceDDLFile>
<createdBy>sd</createdBy>
<createdTime>2024-10-04 03:31:32 UTC</createdTime>
<ownerDesignName> EFT_S9_Cesarr_lynch</ownerDesignName>
<importedID>79DD4D6E-4329-18CD-2EED-632242428C6D</importedID>
<nullsAllowed>true</nullsAllowed>
<use>0</use>
<logicalDatatype>LOGDT011</logicalDatatype>
<domain>2AC6CBBF-67F3-8979-9739-6C4E07B96E0A</domain>
<ownDataTypeParameters>,,</ownDataTypeParameters>
<autoIncrementCycle>false</autoIncrementCycle>
<associations>
<colAssociation fkAssociation="DB61243A-1BE2-7C89-3176-49A7668481AF" referredColumn="51FD5E71-5555-6708-3E9A-092CF858821E"/>
</associations>
</Column>
<Column name="id_proy" id="5A60B7D2-650A-FCCB-C5E9-99E6F307FC6E">
<sourceDDLFile>tablaaa.sql</sourceDDLFile>
<createdBy>sd</createdBy>
<createdTime>2024-10-04 03:31:32 UTC</createdTime>
<ownerDesignName> EFT_S9_Cesarr_lynch</ownerDesignName>
<importedID>B165DE62-7ED3-FC73-67DF-8AACCDFEC3B2</importedID>
<nullsAllowed>true</nullsAllowed>
<use>0</use>
<logicalDatatype>LOGDT011</logicalDatatype>
<domain>2AC6CBBF-67F3-8979-9739-6C4E07B96E0A</domain>
<ownDataTypeParameters>,,</ownDataTypeParameters>
<autoIncrementCycle>false</autoIncrementCycle>
<associations>
<colAssociation fkAssociation="11BB87EE-5985-1068-C64B-B2E6892D3F31" referredColumn="483DA8BA-3F2A-D40F-CEEA-066BF2FA57B8"/>
</associations>
</Column>
<Column name="fech_pos" id="3C94EDF2-3924-6714-569B-3229145CF426">
<sourceDDLFile>tablaaa.sql</sourceDDLFile>
<createdBy>sd</createdBy>
<createdTime>2024-10-04 03:31:32 UTC</createdTime>
<ownerDesignName> EFT_S9_Cesarr_lynch</ownerDesignName>
<importedID>C3D8B26A-0896-D659-BC10-C47C53595AA4</importedID>
<use>0</use>
<logicalDatatype>LOGDT007</logicalDatatype>
<domain>6BED1052-4EA5-29C0-F10B-DA50C184E6AB</domain>
<ownDataTypeParameters>,,</ownDataTypeParameters>
<autoIncrementCycle>false</autoIncrementCycle>
</Column>
<Column name="id_estado" id="7DB9A4AF-08F4-88D5-19B7-E8FC62A01BFF">
<sourceDDLFile>tablaaa.sql</sourceDDLFile>
<createdBy>sd</createdBy>
<createdTime>2024-10-04 03:31:32 UTC</createdTime>
<ownerDesignName> EFT_S9_Cesarr_lynch</ownerDesignName>
<importedID>16465FA8-7702-F902-241B-BF4081C1A9CC</importedID>
<use>0</use>
<logicalDatatype>LOGDT019</logicalDatatype>
<domain>5E0521C9-1C83-4AFE-4A4E-D76B58E28465</domain>
<ownDataTypeParameters>,,</ownDataTypeParameters>
<autoIncrementCycle>false</autoIncrementCycle>
<associations>
<colAssociation fkAssociation="1FF30798-C380-4087-02B9-1A724DC02DEB" referredColumn="05F7F736-4C08-1E29-8D38-9CF1108CF37F"/>
</associations>
</Column>
<Column name="cuenta_banc" id="444EC9E7-CB6F-6CCA-3C62-734D1EC25A00">
<sourceDDLFile>tablaaa.sql</sourceDDLFile>
<createdBy>sd</createdBy>
<createdTime>2024-10-04 03:31:32 UTC</createdTime>
<ownerDesignName> EFT_S9_Cesarr_lynch</ownerDesignName>
<importedID>C641DDCA-E89C-55ED-B8DE-5C5A9DE7B4B0</importedID>
<use>0</use>
<logicalDatatype>LOGDT024</logicalDatatype>
<domain>2DD4E660-02C6-4A4C-7510-B4D0EA96A5E1</domain>
<ownDataTypeParameters>,,</ownDataTypeParameters>
<autoIncrementCycle>false</autoIncrementCycle>
</Column>
</columns>
<indexes itemClass="oracle.dbtools.crest.model.design.relational.Index">
<ind_PK_UK id="9075BF7E-7B4E-706B-877E-F228C81C8235" name="postu_PK">
<sourceDDLFile>tablaaa.sql</sourceDDLFile>
<createdBy>sd</createdBy>
<createdTime>2024-10-04 03:31:32 UTC</createdTime>
<ownerDesignName> EFT_S9_Cesarr_lynch</ownerDesignName>
<importedID>3164A864-4220-B49C-6889-648639338919</importedID>
<pk>true</pk>
<indexState>Primary Constraint</indexState>
<isSurrogateKey>false</isSurrogateKey>
<indexColumnUsage>
<colUsage columnID="3DB2151B-A348-F8CF-A99D-604E36FEAD3E"/>
</indexColumnUsage>
</ind_PK_UK>
<ind_PK_UK id="4B775EDB-1C76-AA12-4FF0-8BA0EC43B790" name="postu_acad_FK">
<createdBy>sd</createdBy>
<createdTime>2024-10-04 03:31:33 UTC</createdTime>
<ownerDesignName> EFT_S9_Cesarr_lynch</ownerDesignName>
<indexState>Foreign Key</indexState>
<isSurrogateKey>false</isSurrogateKey>
<indexColumnUsage>
<colUsage columnID="C95D67B3-08BC-BF5F-12E1-C353EF263777"/>
</indexColumnUsage>
</ind_PK_UK>
<ind_PK_UK id="67698DAB-A793-DFB0-1752-7E08C66AE4F7" name="postu_ESTADO_POSTULACION_FK">
<createdBy>sd</createdBy>
<createdTime>2024-10-04 03:31:33 UTC</createdTime>
<ownerDesignName> EFT_S9_Cesarr_lynch</ownerDesignName>
<indexState>Foreign Key</indexState>
<isSurrogateKey>false</isSurrogateKey>
<indexColumnUsage>
<colUsage columnID="7DB9A4AF-08F4-88D5-19B7-E8FC62A01BFF"/>
</indexColumnUsage>
</ind_PK_UK>
<ind_PK_UK id="C27AB5F1-47FB-A0CC-8917-63732EE8F674" name="postu_proye_FK">
<createdBy>sd</createdBy>
<createdTime>2024-10-04 03:31:33 UTC</createdTime>
<ownerDesignName> EFT_S9_Cesarr_lynch</ownerDesignName>
<indexState>Foreign Key</indexState>
<isSurrogateKey>false</isSurrogateKey>
<indexColumnUsage>
<colUsage columnID="5A60B7D2-650A-FCCB-C5E9-99E6F307FC6E"/>
</indexColumnUsage>
</ind_PK_UK>
</indexes>
</Table>