<?xml version = '1.0' encoding = 'UTF-8'?>
<FKIndexAssociation class="oracle.dbtools.crest.model.design.relational.FKIndexAssociation" directorySegmentName="seg_0" id="11BB87EE-5985-1068-C64B-B2E6892D3F31" containerWithKeyObject="EC23D0F4-9243-6004-D61C-441B52A7F199" localFKIndex="C27AB5F1-47FB-A0CC-8917-63732EE8F674" name="postu_proye_FK">
<sourceDDLFile>tablaaa.sql</sourceDDLFile>
<createdBy>sd</createdBy>
<createdTime>2024-10-04 03:31:33 UTC</createdTime>
<ownerDesignName> EFT_S9_Cesarr_lynch</ownerDesignName>
<importedID>4F925F54-A4D4-55E5-1FB7-D9CAAF2E98C6</importedID>
<referredTableLongName>proye</referredTableLongName>
<deleteRule>NO ACTION</deleteRule>
<referredTableID>BF995BB2-6E6E-17DE-8751-22DDF964867C</referredTableID>
<keyObject>1223F92C-000B-416D-6841-6B14FDF08038</keyObject>
<referredKeyID>1223F92C-000B-416D-6841-6B14FDF08038</referredKeyID>
<mandatory>false</mandatory>
<refColNames>id_proy</refColNames>
<transferable>true</transferable>
<rely>false</rely>
<columnDependencyConstraintGenerateInDDL>true</columnDependencyConstraintGenerateInDDL>
</FKIndexAssociation>