<?xml version = '1.0' encoding = 'UTF-8'?>
<FKIndexAssociation class="oracle.dbtools.crest.model.design.relational.FKIndexAssociation" directorySegmentName="seg_0" id="1FF30798-C380-4087-02B9-1A724DC02DEB" containerWithKeyObject="EC23D0F4-9243-6004-D61C-441B52A7F199" localFKIndex="67698DAB-A793-DFB0-1752-7E08C66AE4F7" name="postu_ESTADO_POSTULACION_FK">
<sourceDDLFile>tablaaa.sql</sourceDDLFile>
<createdBy>sd</createdBy>
<createdTime>2024-10-04 03:31:33 UTC</createdTime>
<ownerDesignName> EFT_S9_Cesarr_lynch</ownerDesignName>
<importedID>EF919087-F2E7-46D0-156F-281E59608A88</importedID>
<referredTableLongName>ADMIN.ESTADO_POSTULACION</referredTableLongName>
<deleteRule>NO ACTION</deleteRule>
<referredTableID>1A979A04-3DDC-FF5C-D169-D7C33432503C</referredTableID>
<keyObject>7C0BE40A-B7D5-0025-68E6-91D72252F317</keyObject>
<referredKeyID>7C0BE40A-B7D5-0025-68E6-91D72252F317</referredKeyID>
<mandatory>true</mandatory>
<refColNames>ID_ESTADO</refColNames>
<transferable>true</transferable>
<rely>false</rely>
<columnDependencyConstraintGenerateInDDL>true</columnDependencyConstraintGenerateInDDL>
</FKIndexAssociation>