<?xml version = '1.0' encoding = 'UTF-8'?>
<FKIndexAssociation class="oracle.dbtools.crest.model.design.relational.FKIndexAssociation" directorySegmentName="seg_0" id="33C7DFF8-5ED7-CE20-80E6-1E2931E9E98B" containerWithKeyObject="D5C7AD07-4D58-79BE-A83F-9A8549DCE3BF" localFKIndex="BFF4143F-8878-0A09-A9A7-40A3646AC15A" name="curs_acad_FK">
<sourceDDLFile>tablaaa.sql</sourceDDLFile>
<createdBy>sd</createdBy>
<createdTime>2024-10-04 03:31:32 UTC</createdTime>
<ownerDesignName> EFT_S9_Cesarr_lynch</ownerDesignName>
<importedID>2C5C7DF6-9C61-D8D5-4C51-3CE83BBBB6A5</importedID>
<referredTableLongName>acad</referredTableLongName>
<deleteRule>NO ACTION</deleteRule>
<referredTableID>CD478AED-5560-09E5-83F5-15800DBBEAED</referredTableID>
<keyObject>157E8F24-6740-26B8-F44C-C218877A88E3</keyObject>
<referredKeyID>157E8F24-6740-26B8-F44C-C218877A88E3</referredKeyID>
<mandatory>false</mandatory>
<refColNames>id_acad</refColNames>
<transferable>true</transferable>
<rely>false</rely>
<columnDependencyConstraintGenerateInDDL>true</columnDependencyConstraintGenerateInDDL>
</FKIndexAssociation>