<?xml version = '1.0' encoding = 'UTF-8'?>
<FKIndexAssociation class="oracle.dbtools.crest.model.design.relational.FKIndexAssociation" directorySegmentName="seg_0" id="50655D06-A34A-272D-4D01-C89786C9FFBE" containerWithKeyObject="A3AFBEDD-E072-4E86-3BB5-8A2CFF008557" localFKIndex="13A39277-5CBA-4D1A-F56D-C6335B26BAEA" name="turno_acad_FK">
<sourceDDLFile>tablaaa.sql</sourceDDLFile>
<createdBy>sd</createdBy>
<createdTime>2024-10-04 03:31:33 UTC</createdTime>
<ownerDesignName> EFT_S9_Cesarr_lynch</ownerDesignName>
<importedID>ED1BF724-3076-FF26-7E02-9BC7BCAE3A5B</importedID>
<referredTableLongName>acad</referredTableLongName>
<deleteRule>NO ACTION</deleteRule>
<referredTableID>CD478AED-5560-09E5-83F5-15800DBBEAED</referredTableID>
<keyObject>157E8F24-6740-26B8-F44C-C218877A88E3</keyObject>
<referredKeyID>157E8F24-6740-26B8-F44C-C218877A88E3</referredKeyID>
<mandatory>false</mandatory>
<refColNames>id_acad</refColNames>
<transferable>true</transferable>
<rely>false</rely>
<columnDependencyConstraintGenerateInDDL>true</columnDependencyConstraintGenerateInDDL>
</FKIndexAssociation>