<?xml version = '1.0' encoding = 'UTF-8'?>
<FKIndexAssociation class="oracle.dbtools.crest.model.design.relational.FKIndexAssociation" directorySegmentName="seg_0" id="74722824-4678-1CC5-92BC-76629E281549" containerWithKeyObject="CD478AED-5560-09E5-83F5-15800DBBEAED" localFKIndex="209D6E2F-94CA-FC29-D003-0708FE761FD0" name="acad_muni_FK">
<sourceDDLFile>tablaaa.sql</sourceDDLFile>
<createdBy>sd</createdBy>
<createdTime>2024-10-04 03:31:32 UTC</createdTime>
<ownerDesignName> EFT_S9_Cesarr_lynch</ownerDesignName>
<importedID>8D2240D2-96A1-78D1-4595-79A088629DA2</importedID>
<referredTableLongName>muni</referredTableLongName>
<deleteRule>NO ACTION</deleteRule>
<referredTableID>BC0A5597-1139-2489-B63A-31E7517F4715</referredTableID>
<keyObject>649249CF-72A6-3E79-7F45-A5857D4BBCEA</keyObject>
<referredKeyID>649249CF-72A6-3E79-7F45-A5857D4BBCEA</referredKeyID>
<mandatory>false</mandatory>
<refColNames>id_mun</refColNames>
<transferable>true</transferable>
<rely>false</rely>
<columnDependencyConstraintGenerateInDDL>true</columnDependencyConstraintGenerateInDDL>
</FKIndexAssociation>