<?xml version = '1.0' encoding = 'UTF-8'?>
<FKIndexAssociation class="oracle.dbtools.crest.model.design.relational.FKIndexAssociation" directorySegmentName="seg_0" id="8ACD4622-CD8C-7F3C-6A07-F2A55797CDE5" containerWithKeyObject="CD478AED-5560-09E5-83F5-15800DBBEAED" localFKIndex="ED977299-E282-CFF6-56E0-B25FF8AD3EB7" name="acad_profe_FK">
<sourceDDLFile>tablaaa.sql</sourceDDLFile>
<createdBy>sd</createdBy>
<createdTime>2024-10-04 03:31:32 UTC</createdTime>
<ownerDesignName> EFT_S9_Cesarr_lynch</ownerDesignName>
<importedID>371A8AB1-6A1E-5E48-872F-667660716C35</importedID>
<referredTableLongName>profe</referredTableLongName>
<deleteRule>NO ACTION</deleteRule>
<referredTableID>A63EB4CD-3965-50C6-3D5B-F142256F8E5F</referredTableID>
<keyObject>3295C4CF-133F-6F54-DCDF-F16E124CBCB7</keyObject>
<referredKeyID>3295C4CF-133F-6F54-DCDF-F16E124CBCB7</referredKeyID>
<mandatory>false</mandatory>
<refColNames>id_prof</refColNames>
<transferable>true</transferable>
<rely>false</rely>
<columnDependencyConstraintGenerateInDDL>true</columnDependencyConstraintGenerateInDDL>
</FKIndexAssociation>