<?xml version = '1.0' encoding = 'UTF-8'?>
<FKIndexAssociation class="oracle.dbtools.crest.model.design.relational.FKIndexAssociation" directorySegmentName="seg_0" id="9D01A203-C8E5-906F-2385-9A1F7CCAE49E" containerWithKeyObject="A3AFBEDD-E072-4E86-3BB5-8A2CFF008557" localFKIndex="3D44A5E0-D49B-726D-6F37-79BAD255C0AC" name="turno_profe_FK">
<sourceDDLFile>tablaaa.sql</sourceDDLFile>
<createdBy>sd</createdBy>
<createdTime>2024-10-04 03:31:33 UTC</createdTime>
<ownerDesignName> EFT_S9_Cesarr_lynch</ownerDesignName>
<importedID>B14E2CD8-E01A-2B65-E490-8E25DDEC2CC8</importedID>
<referredTableLongName>profe</referredTableLongName>
<deleteRule>NO ACTION</deleteRule>
<referredTableID>A63EB4CD-3965-50C6-3D5B-F142256F8E5F</referredTableID>
<keyObject>3295C4CF-133F-6F54-DCDF-F16E124CBCB7</keyObject>
<referredKeyID>3295C4CF-133F-6F54-DCDF-F16E124CBCB7</referredKeyID>
<mandatory>false</mandatory>
<refColNames>id_prof</refColNames>
<transferable>true</transferable>
<rely>false</rely>
<columnDependencyConstraintGenerateInDDL>true</columnDependencyConstraintGenerateInDDL>
</FKIndexAssociation>