<?xml version = '1.0' encoding = 'UTF-8'?>
<FKIndexAssociation class="oracle.dbtools.crest.model.design.relational.FKIndexAssociation" directorySegmentName="seg_0" id="AFE2B24E-5D8F-2865-A276-0728658377E2" containerWithKeyObject="26F19B6F-8152-4557-029B-5D6FD0CD99FE" localFKIndex="D846B64A-49DA-1043-63E1-A1951CD4A02A" name="insu_curs_FK">
<sourceDDLFile>tablaaa.sql</sourceDDLFile>
<createdBy>sd</createdBy>
<createdTime>2024-10-04 03:31:32 UTC</createdTime>
<ownerDesignName> EFT_S9_Cesarr_lynch</ownerDesignName>
<importedID>7AE60B88-7821-3094-B6A2-223CEE22FC77</importedID>
<referredTableLongName>curs</referredTableLongName>
<deleteRule>NO ACTION</deleteRule>
<referredTableID>D5C7AD07-4D58-79BE-A83F-9A8549DCE3BF</referredTableID>
<keyObject>D109F13D-AB72-256E-6584-8B0D08020DA2</keyObject>
<referredKeyID>D109F13D-AB72-256E-6584-8B0D08020DA2</referredKeyID>
<mandatory>true</mandatory>
<refColNames>id_curs</refColNames>
<transferable>true</transferable>
<rely>false</rely>
<columnDependencyConstraintGenerateInDDL>true</columnDependencyConstraintGenerateInDDL>
</FKIndexAssociation>