<?xml version = '1.0' encoding = 'UTF-8'?>
<FKIndexAssociation class="oracle.dbtools.crest.model.design.relational.FKIndexAssociation" directorySegmentName="seg_0" id="DB61243A-1BE2-7C89-3176-49A7668481AF" containerWithKeyObject="EC23D0F4-9243-6004-D61C-441B52A7F199" localFKIndex="4B775EDB-1C76-AA12-4FF0-8BA0EC43B790" name="postu_acad_FK">
<sourceDDLFile>tablaaa.sql</sourceDDLFile>
<createdBy>sd</createdBy>
<createdTime>2024-10-04 03:31:33 UTC</createdTime>
<ownerDesignName> EFT_S9_Cesarr_lynch</ownerDesignName>
<importedID>628DD77A-38A8-8F34-6C87-AA06575F1451</importedID>
<referredTableLongName>acad</referredTableLongName>
<deleteRule>NO ACTION</deleteRule>
<referredTableID>CD478AED-5560-09E5-83F5-15800DBBEAED</referredTableID>
<keyObject>157E8F24-6740-26B8-F44C-C218877A88E3</keyObject>
<referredKeyID>157E8F24-6740-26B8-F44C-C218877A88E3</referredKeyID>
<mandatory>false</mandatory>
<refColNames>id_acad</refColNames>
<transferable>true</transferable>
<rely>false</rely>
<columnDependencyConstraintGenerateInDDL>true</columnDependencyConstraintGenerateInDDL>
</FKIndexAssociation>