<?xml version = '1.0' encoding = 'UTF-8'?>
<FKIndexAssociation class="oracle.dbtools.crest.model.design.relational.FKIndexAssociation" directorySegmentName="seg_0" id="FEFEA35D-45C9-BB77-E52D-82AD3DABDDE3" containerWithKeyObject="26F19B6F-8152-4557-029B-5D6FD0CD99FE" localFKIndex="0BBB1475-77AA-01CE-73F5-BBD341C1D5CB" name="insu_profe_FK">
<sourceDDLFile>tablaaa.sql</sourceDDLFile>
<createdBy>sd</createdBy>
<createdTime>2024-10-04 03:31:32 UTC</createdTime>
<ownerDesignName> EFT_S9_Cesarr_lynch</ownerDesignName>
<importedID>5BB7D3CB-F738-82EE-CB96-B42D0DF2EB2D</importedID>
<referredTableLongName>profe</referredTableLongName>
<deleteRule>NO ACTION</deleteRule>
<referredTableID>A63EB4CD-3965-50C6-3D5B-F142256F8E5F</referredTableID>
<keyObject>3295C4CF-133F-6F54-DCDF-F16E124CBCB7</keyObject>
<referredKeyID>3295C4CF-133F-6F54-DCDF-F16E124CBCB7</referredKeyID>
<mandatory>true</mandatory>
<refColNames>id_prof</refColNames>
<transferable>true</transferable>
<rely>false</rely>
<columnDependencyConstraintGenerateInDDL>true</columnDependencyConstraintGenerateInDDL>
</FKIndexAssociation>