<?xml version = '1.0' encoding = 'UTF-8'?>
<Diagram class="oracle.dbtools.crest.swingui.relational.DPVRelational" name="examenfinal" id="29825E49-C9A3-928C-6F0E-D83474437728">
<createdBy>sd</createdBy>
<modifiedBy>sd</modifiedBy>
<createdTime>2024-10-04 03:26:54 UTC</createdTime>
<autoRoute>false</autoRoute>
<boxInbox>true</boxInbox>
<showLegend>false</showLegend>
<showLabels>false</showLabels>
<showRelAttributes>false</showRelAttributes>
<gridEnabled>false</gridEnabled>
<showGrid>false</showGrid>
<diagramColor>-1</diagramColor>
<display>false</display>
<notation>1</notation>
<objectViews>
<OView class="oracle.dbtools.crest.swingui.relational.TVTable" oid="0570AC9A-73A5-BDAB-3D7D-05E0C1C93894" otype="Table" vid="61632DB4-1860-2829-B822-DA909E139472">
<hideElementsInCurrentOnly>false</hideElementsInCurrentOnly>
<bounds x="24" y="376" width="168" height="164"/>
</OView>
<OView class="oracle.dbtools.crest.swingui.relational.TVTable" oid="0F6580E8-BB67-7FAD-F2CD-2B576B33D3FC" otype="Table" vid="B47491DF-D2BB-42FB-5891-4D728F73755F">
<hideElementsInCurrentOnly>false</hideElementsInCurrentOnly>
<bounds x="837" y="172" width="198" height="150"/>
</OView>
<OView class="oracle.dbtools.crest.swingui.relational.TVTable" oid="6ADA9F35-C1E6-EA53-EEF1-708867EB5292" otype="Table" vid="77D2E18F-9824-F696-BA61-4F6CBC254459">
<hideElementsInCurrentOnly>false</hideElementsInCurrentOnly>
<bounds x="9" y="59" width="198" height="164"/>
</OView>
<OView class="oracle.dbtools.crest.swingui.relational.TVTable" oid="6C0E5E99-1F51-EF3C-E0A1-65476459498D" otype="Table" vid="0586A163-8351-D710-901A-69B357F9AEE5">
<hideElementsInCurrentOnly>false</hideElementsInCurrentOnly>
<bounds x="517" y="305" width="195" height="88"/>
</OView>
<OView class="oracle.dbtools.crest.swingui.relational.TVTable" oid="762F409A-F69A-A609-36EB-EB2FF6E50CCF" otype="Table" vid="8DE18FA9-5078-E0B3-6764-267B39B7C5E6">
<hideElementsInCurrentOnly>false</hideElementsInCurrentOnly>
<bounds x="495" y="20" width="194" height="116"/>
</OView>
<OView class="oracle.dbtools.crest.swingui.relational.TVTable" oid="96A9E56B-246B-4DED-4028-6CE09CAAA0B4" otype="Table" vid="47129C99-8A53-8FF0-BD30-B75E52FE9067">
<hideElementsInCurrentOnly>false</hideElementsInCurrentOnly>
<bounds x="280" y="250" width="193" height="122"/>
</OView>
<OView class="oracle.dbtools.crest.swingui.relational.TVTable" oid="D67E44E8-437E-D693-50B1-1142084791F3" otype="Table" vid="5536FA57-42DA-F3C1-E6D3-A67FB3FC5DCD">
<hideElementsInCurrentOnly>false</hideElementsInCurrentOnly>
<bounds x="268" y="636" width="156" height="122"/>
</OView>
<OView class="oracle.dbtools.crest.swingui.relational.TVTable" oid="FBBE9936-38F1-34DC-22F6-EC3755293E33" otype="Table" vid="F5E75CD0-AA32-D2EC-5BAA-C5D8AA438F32">
<hideElementsInCurrentOnly>false</hideElementsInCurrentOnly>
<bounds x="20" y="678" width="192" height="102"/>
</OView>
</objectViews>
<connectors>
<Connector class="oracle.dbtools.crest.swingui.relational.TVFKRelation" oid="2FD58B91-9D6B-8470-6128-A6C874A5A42C" otype="FKIndexAssociation" vid_source="F5E75CD0-AA32-D2EC-5BAA-C5D8AA438F32" vid_target="5536FA57-42DA-F3C1-E6D3-A67FB3FC5DCD">
<hideElementsInCurrentOnly>false</hideElementsInCurrentOnly>
<backgroundColor>-16777216</backgroundColor>
<lineWidth>1</lineWidth>
<points>
<point x="212" y="718"/>
<point x="268" y="718"/>
</points>
</Connector>
<Connector class="oracle.dbtools.crest.swingui.relational.TVFKRelation" oid="42E06E03-05E2-ABEA-70E6-2636BD1CAD1E" otype="FKIndexAssociation" vid_source="47129C99-8A53-8FF0-BD30-B75E52FE9067" vid_target="5536FA57-42DA-F3C1-E6D3-A67FB3FC5DCD">
<hideElementsInCurrentOnly>false</hideElementsInCurrentOnly>
<backgroundColor>-16777216</backgroundColor>
<lineWidth>1</lineWidth>
<points>
<point x="352" y="372"/>
<point x="352" y="636"/>
</points>
</Connector>
<Connector class="oracle.dbtools.crest.swingui.relational.TVFKRelation" oid="47BA22B5-B2D1-1D42-DA7E-D4611B98C9DB" otype="FKIndexAssociation" vid_source="F5E75CD0-AA32-D2EC-5BAA-C5D8AA438F32" vid_target="B47491DF-D2BB-42FB-5891-4D728F73755F">
<hideElementsInCurrentOnly>false</hideElementsInCurrentOnly>
<backgroundColor>-16777216</backgroundColor>
<lineWidth>1</lineWidth>
<points>
<point x="202" y="678"/>
<point x="837" y="305"/>
</points>
</Connector>
<Connector class="oracle.dbtools.crest.swingui.relational.TVFKRelation" oid="7182D524-EC13-0BC1-20FC-FBE5F5235232" otype="FKIndexAssociation" vid_source="0586A163-8351-D710-901A-69B357F9AEE5" vid_target="B47491DF-D2BB-42FB-5891-4D728F73755F">
<hideElementsInCurrentOnly>false</hideElementsInCurrentOnly>
<backgroundColor>-16777216</backgroundColor>
<lineWidth>1</lineWidth>
<points>
<point x="712" y="313"/>
<point x="837" y="313"/>
</points>
</Connector>
<Connector class="oracle.dbtools.crest.swingui.relational.TVFKRelation" oid="73746AD4-DD4B-EB66-9478-6EB53AD3C3C9" otype="FKIndexAssociation" vid_source="B47491DF-D2BB-42FB-5891-4D728F73755F" vid_target="47129C99-8A53-8FF0-BD30-B75E52FE9067">
<hideElementsInCurrentOnly>false</hideElementsInCurrentOnly>
<backgroundColor>-16777216</backgroundColor>
<lineWidth>1</lineWidth>
<points>
<point x="837" y="271"/>
<point x="473" y="271"/>
</points>
</Connector>
<Connector class="oracle.dbtools.crest.swingui.relational.TVFKRelation" oid="84EC1270-7D77-0C27-D135-188AEDAAD61F" otype="FKIndexAssociation" vid_source="B47491DF-D2BB-42FB-5891-4D728F73755F" vid_target="61632DB4-1860-2829-B822-DA909E139472">
<hideElementsInCurrentOnly>false</hideElementsInCurrentOnly>
<backgroundColor>-16777216</backgroundColor>
<lineWidth>1</lineWidth>
<points>
<point x="837" y="272"/>
<point x="192" y="436"/>
</points>
</Connector>
<Connector class="oracle.dbtools.crest.swingui.relational.TVFKRelation" oid="EDBC3A10-A223-6D93-40D7-B4507ACCB38C" otype="FKIndexAssociation" vid_source="8DE18FA9-5078-E0B3-6764-267B39B7C5E6" vid_target="77D2E18F-9824-F696-BA61-4F6CBC254459">
<hideElementsInCurrentOnly>false</hideElementsInCurrentOnly>
<backgroundColor>-16777216</backgroundColor>
<lineWidth>1</lineWidth>
<points>
<point x="495" y="97"/>
<point x="207" y="97"/>
</points>
</Connector>
<Connector class="oracle.dbtools.crest.swingui.relational.TVFKRelation" oid="F23BB913-AED5-2289-9838-2E388E687849" otype="FKIndexAssociation" vid_source="F5E75CD0-AA32-D2EC-5BAA-C5D8AA438F32" vid_target="61632DB4-1860-2829-B822-DA909E139472">
<hideElementsInCurrentOnly>false</hideElementsInCurrentOnly>
<backgroundColor>-16777216</backgroundColor>
<lineWidth>1</lineWidth>
<points>
<point x="108" y="678"/>
<point x="108" y="540"/>
</points>
</Connector>
<Connector class="oracle.dbtools.crest.swingui.relational.TVFKRelation" oid="F5654AB7-83ED-FB46-5B79-40C56113DA8A" otype="FKIndexAssociation" vid_source="B47491DF-D2BB-42FB-5891-4D728F73755F" vid_target="77D2E18F-9824-F696-BA61-4F6CBC254459">
<hideElementsInCurrentOnly>false</hideElementsInCurrentOnly>
<backgroundColor>-16777216</backgroundColor>
<lineWidth>1</lineWidth>
<points>
<point x="837" y="197"/>
<point x="207" y="197"/>
</points>
</Connector>
</connectors>
</Diagram>