<?xml version = '1.0' encoding = 'UTF-8'?>
<Relation class="oracle.dbtools.crest.model.design.logical.Relation" name="insu_curs_FK" directorySegmentName="seg_0" id="119AA5B1-5534-E616-5A82-F0D501FA018A">
<createdBy>sd</createdBy>
<createdTime>2024-10-04 03:27:01 UTC</createdTime>
<generatorID>42E06E03-05E2-ABEA-70E6-2636BD1CAD1E</generatorID>
<ownerDesignName> EFT_S9_Cesarr_lynch</ownerDesignName>
<engineerTo>
<item key="E8484329-8E4D-2379-61D7-5C55375273C6" value="true"/>
<item key="2C58F063-4171-9B1B-98EC-1052407B2DCC" value="true"/>
</engineerTo>
<sourcePk>DFA6ACD3-35F0-564B-177C-F1C0ABF5AFE8</sourcePk>
<identifying>true</identifying>
<optionalSource>true</optionalSource>
<optionalTarget>false</optionalTarget>
<sourceCardinality>1</sourceCardinality>
<sourceEntity>D21BED2E-80A0-E25C-DAF7-6875EC419119</sourceEntity>
<targetCardinalityString>*</targetCardinalityString>
<targetEntity>B208F303-1122-DB2B-35B9-A9C946FFC367</targetEntity>
<transferable>true</transferable>
<deleteRule>NO ACTION</deleteRule>
</Relation>