<?xml version = '1.0' encoding = 'UTF-8'?>
<Relation class="oracle.dbtools.crest.model.design.logical.Relation" name="curs_acad_FK" directorySegmentName="seg_0" id="230AA736-8517-29A2-FADB-C59714CF495F">
<createdBy>sd</createdBy>
<createdTime>2024-10-04 03:27:01 UTC</createdTime>
<generatorID>73746AD4-DD4B-EB66-9478-6EB53AD3C3C9</generatorID>
<ownerDesignName> EFT_S9_Cesarr_lynch</ownerDesignName>
<engineerTo>
<item key="E8484329-8E4D-2379-61D7-5C55375273C6" value="true"/>
<item key="2C58F063-4171-9B1B-98EC-1052407B2DCC" value="true"/>
</engineerTo>
<sourcePk>F077B998-9FB3-E1CB-F6DE-7F74BF55A126</sourcePk>
<identifying>false</identifying>
<optionalSource>true</optionalSource>
<optionalTarget>true</optionalTarget>
<sourceCardinality>1</sourceCardinality>
<sourceEntity>696C2737-EC4F-D624-B45A-477A0CDE807D</sourceEntity>
<targetCardinalityString>*</targetCardinalityString>
<targetEntity>D21BED2E-80A0-E25C-DAF7-6875EC419119</targetEntity>
<transferable>true</transferable>
<deleteRule>NO ACTION</deleteRule>
</Relation>