<?xml version = '1.0' encoding = 'UTF-8'?>
<Relation class="oracle.dbtools.crest.model.design.logical.Relation" name="turno_profe_FK" directorySegmentName="seg_0" id="5BC3BA70-6BE1-AAA7-C80A-9DAD3122759A">
<createdBy>sd</createdBy>
<createdTime>2024-10-04 03:27:01 UTC</createdTime>
<generatorID>F23BB913-AED5-2289-9838-2E388E687849</generatorID>
<ownerDesignName> EFT_S9_Cesarr_lynch</ownerDesignName>
<engineerTo>
<item key="E8484329-8E4D-2379-61D7-5C55375273C6" value="true"/>
<item key="2C58F063-4171-9B1B-98EC-1052407B2DCC" value="true"/>
</engineerTo>
<sourcePk>3F5DDF56-7511-A906-6286-2AB411F59FAB</sourcePk>
<identifying>false</identifying>
<optionalSource>true</optionalSource>
<optionalTarget>true</optionalTarget>
<sourceCardinality>1</sourceCardinality>
<sourceEntity>04C7D50B-C0DE-9515-1D22-F246C802B8F1</sourceEntity>
<targetCardinalityString>*</targetCardinalityString>
<targetEntity>EE148B6C-7054-4D05-5CC9-8A19A49D9A2A</targetEntity>
<transferable>true</transferable>
<deleteRule>NO ACTION</deleteRule>
</Relation>