<?xml version = '1.0' encoding = 'UTF-8'?>
<Relation class="oracle.dbtools.crest.model.design.logical.Relation" name="postu_ESTADO_POSTULACION_FK" directorySegmentName="seg_0" id="6C880871-1A75-60C8-F557-8AFC1ACE809C">
<createdBy>sd</createdBy>
<createdTime>2024-10-04 03:33:49 UTC</createdTime>
<generatorID>1FF30798-C380-4087-02B9-1A724DC02DEB</generatorID>
<ownerDesignName> EFT_S9_Cesarr_lynch</ownerDesignName>
<engineerTo>
<item key="E8484329-8E4D-2379-61D7-5C55375273C6" value="true"/>
<item key="2C58F063-4171-9B1B-98EC-1052407B2DCC" value="true"/>
</engineerTo>
<sourcePk>9BB37FBA-10C9-F77E-897C-34E55C150E14</sourcePk>
<identifying>false</identifying>
<optionalSource>true</optionalSource>
<optionalTarget>false</optionalTarget>
<sourceCardinality>1</sourceCardinality>
<sourceEntity>9A287F85-0D1E-206E-18BB-8EB8993CF8E5</sourceEntity>
<targetCardinalityString>*</targetCardinalityString>
<targetEntity>4FEA5DB8-38F1-A058-6208-4F2AFF12F74F</targetEntity>
<transferable>true</transferable>
<deleteRule>NO ACTION</deleteRule>
</Relation>