<?xml version = '1.0' encoding = 'UTF-8'?>
<Relation class="oracle.dbtools.crest.model.design.logical.Relation" name="acad_muni_FK" directorySegmentName="seg_0" id="893701BA-F694-293D-BBD0-58A44A225BB6">
<createdBy>sd</createdBy>
<createdTime>2024-10-04 03:27:01 UTC</createdTime>
<generatorID>7182D524-EC13-0BC1-20FC-FBE5F5235232</generatorID>
<ownerDesignName> EFT_S9_Cesarr_lynch</ownerDesignName>
<engineerTo>
<item key="E8484329-8E4D-2379-61D7-5C55375273C6" value="true"/>
<item key="2C58F063-4171-9B1B-98EC-1052407B2DCC" value="true"/>
</engineerTo>
<sourcePk>67926CD1-BB59-C466-4C28-E04B50EB1FBF</sourcePk>
<identifying>false</identifying>
<optionalSource>true</optionalSource>
<optionalTarget>true</optionalTarget>
<sourceCardinality>1</sourceCardinality>
<sourceEntity>08619B4D-1762-3B2F-2D09-043A495466FC</sourceEntity>
<targetCardinalityString>*</targetCardinalityString>
<targetEntity>696C2737-EC4F-D624-B45A-477A0CDE807D</targetEntity>
<transferable>true</transferable>
<deleteRule>NO ACTION</deleteRule>
</Relation>