<?xml version = '1.0' encoding = 'UTF-8'?>
<Relation class="oracle.dbtools.crest.model.design.logical.Relation" name="acad_profe_FK" directorySegmentName="seg_0" id="9AFF1B70-A870-0E46-C35A-0A0AEDBD133B">
<createdBy>sd</createdBy>
<createdTime>2024-10-04 03:27:01 UTC</createdTime>
<generatorID>47BA22B5-B2D1-1D42-DA7E-D4611B98C9DB</generatorID>
<ownerDesignName> EFT_S9_Cesarr_lynch</ownerDesignName>
<engineerTo>
<item key="E8484329-8E4D-2379-61D7-5C55375273C6" value="true"/>
<item key="2C58F063-4171-9B1B-98EC-1052407B2DCC" value="true"/>
</engineerTo>
<sourcePk>3F5DDF56-7511-A906-6286-2AB411F59FAB</sourcePk>
<identifying>false</identifying>
<optionalSource>true</optionalSource>
<optionalTarget>true</optionalTarget>
<sourceCardinality>1</sourceCardinality>
<sourceEntity>04C7D50B-C0DE-9515-1D22-F246C802B8F1</sourceEntity>
<targetCardinalityString>*</targetCardinalityString>
<targetEntity>696C2737-EC4F-D624-B45A-477A0CDE807D</targetEntity>
<transferable>true</transferable>
<deleteRule>NO ACTION</deleteRule>
</Relation>