<?xml version = '1.0' encoding = 'UTF-8'?>
<Relation class="oracle.dbtools.crest.model.design.logical.Relation" name="insu_profe_FK" directorySegmentName="seg_0" id="BBF641AE-12D8-1BEB-4224-C9C8141F46F7">
<createdBy>sd</createdBy>
<createdTime>2024-10-04 03:27:01 UTC</createdTime>
<generatorID>2FD58B91-9D6B-8470-6128-A6C874A5A42C</generatorID>
<ownerDesignName> EFT_S9_Cesarr_lynch</ownerDesignName>
<engineerTo>
<item key="E8484329-8E4D-2379-61D7-5C55375273C6" value="true"/>
<item key="2C58F063-4171-9B1B-98EC-1052407B2DCC" value="true"/>
</engineerTo>
<sourcePk>3F5DDF56-7511-A906-6286-2AB411F59FAB</sourcePk>
<identifying>true</identifying>
<optionalSource>true</optionalSource>
<optionalTarget>false</optionalTarget>
<sourceCardinality>1</sourceCardinality>
<sourceEntity>04C7D50B-C0DE-9515-1D22-F246C802B8F1</sourceEntity>
<targetCardinalityString>*</targetCardinalityString>
<targetEntity>B208F303-1122-DB2B-35B9-A9C946FFC367</targetEntity>
<transferable>true</transferable>
<deleteRule>NO ACTION</deleteRule>
</Relation>