<?xml version = '1.0' encoding = 'UTF-8'?>
<Relation class="oracle.dbtools.crest.model.design.logical.Relation" name="postu_acad_FK" directorySegmentName="seg_0" id="BD2BAEA2-506E-7548-4B2E-58712AFD5E39">
<createdBy>sd</createdBy>
<createdTime>2024-10-04 03:27:01 UTC</createdTime>
<generatorID>F5654AB7-83ED-FB46-5B79-40C56113DA8A</generatorID>
<ownerDesignName> EFT_S9_Cesarr_lynch</ownerDesignName>
<engineerTo>
<item key="E8484329-8E4D-2379-61D7-5C55375273C6" value="true"/>
<item key="2C58F063-4171-9B1B-98EC-1052407B2DCC" value="true"/>
</engineerTo>
<sourcePk>F077B998-9FB3-E1CB-F6DE-7F74BF55A126</sourcePk>
<identifying>false</identifying>
<optionalSource>true</optionalSource>
<optionalTarget>true</optionalTarget>
<sourceCardinality>1</sourceCardinality>
<sourceEntity>696C2737-EC4F-D624-B45A-477A0CDE807D</sourceEntity>
<targetCardinalityString>*</targetCardinalityString>
<targetEntity>D49B6D7C-0972-EBAF-587D-A1767209FBCB</targetEntity>
<transferable>true</transferable>
<deleteRule>NO ACTION</deleteRule>
</Relation>