<?xml version = '1.0' encoding = 'UTF-8'?>
<Relation class="oracle.dbtools.crest.model.design.logical.Relation" name="postu_proye_FK" directorySegmentName="seg_0" id="F9141F4C-9D44-7299-3C10-C9DDFA391586">
<createdBy>sd</createdBy>
<createdTime>2024-10-04 03:27:01 UTC</createdTime>
<generatorID>EDBC3A10-A223-6D93-40D7-B4507ACCB38C</generatorID>
<ownerDesignName> EFT_S9_Cesarr_lynch</ownerDesignName>
<engineerTo>
<item key="E8484329-8E4D-2379-61D7-5C55375273C6" value="true"/>
<item key="2C58F063-4171-9B1B-98EC-1052407B2DCC" value="true"/>
</engineerTo>
<sourcePk>4ED9ED56-31F7-6AF5-6D62-98A700DB21C3</sourcePk>
<identifying>false</identifying>
<optionalSource>true</optionalSource>
<optionalTarget>true</optionalTarget>
<sourceCardinality>1</sourceCardinality>
<sourceEntity>037D6625-96B7-D50A-D2F5-64A6FA6B2730</sourceEntity>
<targetCardinalityString>*</targetCardinalityString>
<targetEntity>D49B6D7C-0972-EBAF-587D-A1767209FBCB</targetEntity>
<transferable>true</transferable>
<deleteRule>NO ACTION</deleteRule>
</Relation>