<?xml version = '1.0' encoding = 'UTF-8'?>
<Entity class="oracle.dbtools.crest.model.design.logical.Entity" directorySegmentName="seg_0" id="04C7D50B-C0DE-9515-1D22-F246C802B8F1" name="profe">
<createdBy>sd</createdBy>
<createdTime>2024-10-04 03:27:01 UTC</createdTime>
<generatorID>FBBE9936-38F1-34DC-22F6-EC3755293E33</generatorID>
<ownerDesignName> EFT_S9_Cesarr_lynch</ownerDesignName>
<engineerTo>
<item key="E8484329-8E4D-2379-61D7-5C55375273C6" value="true"/>
<item key="2C58F063-4171-9B1B-98EC-1052407B2DCC" value="true"/>
</engineerTo>
<adequatelyNormalized>NO</adequatelyNormalized>
<expectedVolumes>0</expectedVolumes>
<fwdEngineeringStrategyName>Single Table</fwdEngineeringStrategyName>
<growthPercent>0</growthPercent>
<growthType>Year</growthType>
<maxVolumes>9999999</maxVolumes>
<minVolumes>0</minVolumes>
<normalForm>Third</normalForm>
<attributes itemClass="oracle.dbtools.crest.model.design.logical.Attribute">
<Attribute name="id prof" id="4FDCBEE1-BB76-C5CC-2B60-821E344DAB3D">
<createdBy>sd</createdBy>
<createdTime>2024-10-04 03:27:01 UTC</createdTime>
<generatorID>0CBC5197-43B4-90AA-391E-752BD7F651AC</generatorID>
<ownerDesignName> EFT_S9_Cesarr_lynch</ownerDesignName>
<engineerTo>
<item key="E8484329-8E4D-2379-61D7-5C55375273C6" value="true"/>
<item key="2C58F063-4171-9B1B-98EC-1052407B2DCC" value="true"/>
</engineerTo>
<use>0</use>
<logicalDatatype>LOGDT011</logicalDatatype>
<domain>2AC6CBBF-67F3-8979-9739-6C4E07B96E0A</domain>
<ownDataTypeParameters>,,</ownDataTypeParameters>
</Attribute>
<Attribute name="nomb prof" id="639341DF-C064-750B-4EB1-25100490C827">
<createdBy>sd</createdBy>
<createdTime>2024-10-04 03:27:01 UTC</createdTime>
<generatorID>F1D09995-B10A-7976-E56F-16ECEFE5F001</generatorID>
<ownerDesignName> EFT_S9_Cesarr_lynch</ownerDesignName>
<engineerTo>
<item key="E8484329-8E4D-2379-61D7-5C55375273C6" value="true"/>
<item key="2C58F063-4171-9B1B-98EC-1052407B2DCC" value="true"/>
</engineerTo>
<use>0</use>
<logicalDatatype>LOGDT024</logicalDatatype>
<domain>AF500923-A197-5788-488E-25C5F58C14C3</domain>
<ownDataTypeParameters>,,</ownDataTypeParameters>
</Attribute>
<Attribute name="tipo con" id="9DBBA951-47BC-A744-7584-1DC988349536">
<createdBy>sd</createdBy>
<createdTime>2024-10-04 03:27:01 UTC</createdTime>
<generatorID>2972227D-A3D5-8A91-51BF-707F50EA47C8</generatorID>
<ownerDesignName> EFT_S9_Cesarr_lynch</ownerDesignName>
<engineerTo>
<item key="E8484329-8E4D-2379-61D7-5C55375273C6" value="true"/>
<item key="2C58F063-4171-9B1B-98EC-1052407B2DCC" value="true"/>
</engineerTo>
<useDomainConstraints>false</useDomainConstraints>
<use>0</use>
<logicalDatatype>LOGDT024</logicalDatatype>
<domain>2DD4E660-02C6-4A4C-7510-B4D0EA96A5E1</domain>
<listOfValues>
<valueDef value="Honor" description=""/>
<valueDef value="Planta" description=""/>
</listOfValues>
<ownDataTypeParameters>,,</ownDataTypeParameters>
</Attribute>
<Attribute name="remu" id="E8ADA9BE-CBD9-D88B-96DB-88EADD8E4CDE">
<createdBy>sd</createdBy>
<createdTime>2024-10-04 03:27:01 UTC</createdTime>
<generatorID>334E701D-B000-ECE8-D9E3-F83EF01520CC</generatorID>
<ownerDesignName> EFT_S9_Cesarr_lynch</ownerDesignName>
<engineerTo>
<item key="E8484329-8E4D-2379-61D7-5C55375273C6" value="true"/>
<item key="2C58F063-4171-9B1B-98EC-1052407B2DCC" value="true"/>
</engineerTo>
<use>0</use>
<logicalDatatype>LOGDT026</logicalDatatype>
<domain>8D3BB1AB-2F01-2228-85DA-928406BA3CEB</domain>
<ownDataTypeParameters>,,</ownDataTypeParameters>
</Attribute>
</attributes>
<identifiers itemClass="oracle.dbtools.crest.model.design.logical.CandidateKey">
<identifier id="3F5DDF56-7511-A906-6286-2AB411F59FAB" name="profe PK">
<createdBy>sd</createdBy>
<createdTime>2024-10-04 03:27:01 UTC</createdTime>
<generatorID>7D77FB60-A70B-BD6C-23CD-5F7B40356F52</generatorID>
<ownerDesignName> EFT_S9_Cesarr_lynch</ownerDesignName>
<engineerTo>
<item key="E8484329-8E4D-2379-61D7-5C55375273C6" value="true"/>
<item key="2C58F063-4171-9B1B-98EC-1052407B2DCC" value="true"/>
</engineerTo>
<pk>true</pk>
<usedAttributes>
<attributeRef>4FDCBEE1-BB76-C5CC-2B60-821E344DAB3D</attributeRef>
</usedAttributes>
</identifier>
</identifiers>
</Entity>