<?xml version = '1.0' encoding = 'UTF-8'?>
<Entity class="oracle.dbtools.crest.model.design.logical.Entity" directorySegmentName="seg_0" id="08619B4D-1762-3B2F-2D09-043A495466FC" name="muni">
<createdBy>sd</createdBy>
<createdTime>2024-10-04 03:27:01 UTC</createdTime>
<generatorID>6C0E5E99-1F51-EF3C-E0A1-65476459498D</generatorID>
<ownerDesignName> EFT_S9_Cesarr_lynch</ownerDesignName>
<engineerTo>
<item key="E8484329-8E4D-2379-61D7-5C55375273C6" value="true"/>
<item key="2C58F063-4171-9B1B-98EC-1052407B2DCC" value="true"/>
</engineerTo>
<adequatelyNormalized>NO</adequatelyNormalized>
<expectedVolumes>0</expectedVolumes>
<fwdEngineeringStrategyName>Single Table</fwdEngineeringStrategyName>
<growthPercent>0</growthPercent>
<growthType>Year</growthType>
<maxVolumes>9999999</maxVolumes>
<minVolumes>0</minVolumes>
<normalForm>Third</normalForm>
<attributes itemClass="oracle.dbtools.crest.model.design.logical.Attribute">
<Attribute name="id mun" id="FFA57945-71C2-1708-7F75-99B9BA4737A0">
<createdBy>sd</createdBy>
<createdTime>2024-10-04 03:27:01 UTC</createdTime>
<generatorID>0A20E5B9-0DAD-9E91-8366-CC2F61478479</generatorID>
<ownerDesignName> EFT_S9_Cesarr_lynch</ownerDesignName>
<engineerTo>
<item key="E8484329-8E4D-2379-61D7-5C55375273C6" value="true"/>
<item key="2C58F063-4171-9B1B-98EC-1052407B2DCC" value="true"/>
</engineerTo>
<use>0</use>
<logicalDatatype>LOGDT011</logicalDatatype>
<domain>2AC6CBBF-67F3-8979-9739-6C4E07B96E0A</domain>
<ownDataTypeParameters>,,</ownDataTypeParameters>
</Attribute>
<Attribute name="nomb mun" id="0CD618CD-5F08-A09B-3E40-BC526E74616C">
<createdBy>sd</createdBy>
<createdTime>2024-10-04 03:27:01 UTC</createdTime>
<generatorID>524D61F7-2B32-D0C3-BE87-6F390B50C10F</generatorID>
<ownerDesignName> EFT_S9_Cesarr_lynch</ownerDesignName>
<engineerTo>
<item key="E8484329-8E4D-2379-61D7-5C55375273C6" value="true"/>
<item key="2C58F063-4171-9B1B-98EC-1052407B2DCC" value="true"/>
</engineerTo>
<use>0</use>
<logicalDatatype>LOGDT024</logicalDatatype>
<domain>AF500923-A197-5788-488E-25C5F58C14C3</domain>
<ownDataTypeParameters>,,</ownDataTypeParameters>
</Attribute>
<Attribute name="direc" id="ABCE6BAC-1064-BD25-5E8F-AFF6EBC86921">
<createdBy>sd</createdBy>
<createdTime>2024-10-04 03:27:01 UTC</createdTime>
<generatorID>A4DC1E0D-7BD6-24D2-3CC5-530F1C596736</generatorID>
<ownerDesignName> EFT_S9_Cesarr_lynch</ownerDesignName>
<engineerTo>
<item key="E8484329-8E4D-2379-61D7-5C55375273C6" value="true"/>
<item key="2C58F063-4171-9B1B-98EC-1052407B2DCC" value="true"/>
</engineerTo>
<use>0</use>
<logicalDatatype>LOGDT024</logicalDatatype>
<domain>0F29C8A6-A8AD-1581-204A-A3F7D20AC50A</domain>
<ownDataTypeParameters>,,</ownDataTypeParameters>
</Attribute>
</attributes>
<identifiers itemClass="oracle.dbtools.crest.model.design.logical.CandidateKey">
<identifier id="67926CD1-BB59-C466-4C28-E04B50EB1FBF" name="muni PK">
<createdBy>sd</createdBy>
<createdTime>2024-10-04 03:27:01 UTC</createdTime>
<generatorID>42F9F9D3-BE5A-F908-F6EF-166284949523</generatorID>
<ownerDesignName> EFT_S9_Cesarr_lynch</ownerDesignName>
<engineerTo>
<item key="E8484329-8E4D-2379-61D7-5C55375273C6" value="true"/>
<item key="2C58F063-4171-9B1B-98EC-1052407B2DCC" value="true"/>
</engineerTo>
<pk>true</pk>
<usedAttributes>
<attributeRef>FFA57945-71C2-1708-7F75-99B9BA4737A0</attributeRef>
</usedAttributes>
</identifier>
</identifiers>
</Entity>