<?xml version = '1.0' encoding = 'UTF-8'?>
<Entity class="oracle.dbtools.crest.model.design.logical.Entity" directorySegmentName="seg_0" id="4FEA5DB8-38F1-A058-6208-4F2AFF12F74F" name="postuv1">
<createdBy>sd</createdBy>
<createdTime>2024-10-04 03:33:49 UTC</createdTime>
<generatorID>EC23D0F4-9243-6004-D61C-441B52A7F199</generatorID>
<ownerDesignName> EFT_S9_Cesarr_lynch</ownerDesignName>
<engineerTo>
<item key="E8484329-8E4D-2379-61D7-5C55375273C6" value="true"/>
<item key="2C58F063-4171-9B1B-98EC-1052407B2DCC" value="true"/>
</engineerTo>
<adequatelyNormalized>NO</adequatelyNormalized>
<expectedVolumes>0</expectedVolumes>
<fwdEngineeringStrategyName>Single Table</fwdEngineeringStrategyName>
<growthPercent>0</growthPercent>
<growthType>Year</growthType>
<maxVolumes>9999999</maxVolumes>
<minVolumes>0</minVolumes>
<normalForm>Third</normalForm>
<attributes itemClass="oracle.dbtools.crest.model.design.logical.Attribute">
<Attribute name="id post" id="B48B749B-A049-9506-500A-73E0D0A34144">
<createdBy>sd</createdBy>
<createdTime>2024-10-04 03:33:49 UTC</createdTime>
<generatorID>3DB2151B-A348-F8CF-A99D-604E36FEAD3E</generatorID>
<ownerDesignName> EFT_S9_Cesarr_lynch</ownerDesignName>
<engineerTo>
<item key="E8484329-8E4D-2379-61D7-5C55375273C6" value="true"/>
<item key="2C58F063-4171-9B1B-98EC-1052407B2DCC" value="true"/>
</engineerTo>
<use>0</use>
<logicalDatatype>LOGDT011</logicalDatatype>
<domain>2AC6CBBF-67F3-8979-9739-6C4E07B96E0A</domain>
<ownDataTypeParameters>,,</ownDataTypeParameters>
</Attribute>
<Attribute name="fech pos" id="C3E541FE-DAF9-9720-6220-FF46423B51E7">
<createdBy>sd</createdBy>
<createdTime>2024-10-04 03:33:49 UTC</createdTime>
<generatorID>3C94EDF2-3924-6714-569B-3229145CF426</generatorID>
<ownerDesignName> EFT_S9_Cesarr_lynch</ownerDesignName>
<engineerTo>
<item key="E8484329-8E4D-2379-61D7-5C55375273C6" value="true"/>
<item key="2C58F063-4171-9B1B-98EC-1052407B2DCC" value="true"/>
</engineerTo>
<use>0</use>
<logicalDatatype>LOGDT007</logicalDatatype>
<domain>6BED1052-4EA5-29C0-F10B-DA50C184E6AB</domain>
<ownDataTypeParameters>,,</ownDataTypeParameters>
</Attribute>
<Attribute name="id estado" id="D8D34261-04C4-0896-624E-851A5ED8DAFA">
<createdBy>sd</createdBy>
<createdTime>2024-10-04 03:33:49 UTC</createdTime>
<generatorID>6C880871-1A75-60C8-F557-8AFC1ACE809C</generatorID>
<ownerDesignName> EFT_S9_Cesarr_lynch</ownerDesignName>
<engineerTo>
<item key="E8484329-8E4D-2379-61D7-5C55375273C6" value="true"/>
<item key="2C58F063-4171-9B1B-98EC-1052407B2DCC" value="true"/>
</engineerTo>
<referedAttribute>22C59030-B4DB-A92C-3763-798999FD4DD5</referedAttribute>
<use>0</use>
<logicalDatatype>LOGDT019</logicalDatatype>
<domain>5E0521C9-1C83-4AFE-4A4E-D76B58E28465</domain>
<ownDataTypeParameters>,,</ownDataTypeParameters>
</Attribute>
<Attribute name="cuenta banc" id="ECA155A1-E871-443F-079E-6E8DEF8ACC44">
<createdBy>sd</createdBy>
<createdTime>2024-10-04 03:33:49 UTC</createdTime>
<generatorID>444EC9E7-CB6F-6CCA-3C62-734D1EC25A00</generatorID>
<ownerDesignName> EFT_S9_Cesarr_lynch</ownerDesignName>
<engineerTo>
<item key="E8484329-8E4D-2379-61D7-5C55375273C6" value="true"/>
<item key="2C58F063-4171-9B1B-98EC-1052407B2DCC" value="true"/>
</engineerTo>
<use>0</use>
<logicalDatatype>LOGDT024</logicalDatatype>
<domain>2DD4E660-02C6-4A4C-7510-B4D0EA96A5E1</domain>
<ownDataTypeParameters>,,</ownDataTypeParameters>
</Attribute>
</attributes>
<identifiers itemClass="oracle.dbtools.crest.model.design.logical.CandidateKey">
<identifier id="6687672C-A353-1E48-6117-E5C67C63499C" name="postu PK">
<createdBy>sd</createdBy>
<createdTime>2024-10-04 03:33:49 UTC</createdTime>
<generatorID>9075BF7E-7B4E-706B-877E-F228C81C8235</generatorID>
<ownerDesignName> EFT_S9_Cesarr_lynch</ownerDesignName>
<engineerTo>
<item key="E8484329-8E4D-2379-61D7-5C55375273C6" value="true"/>
<item key="2C58F063-4171-9B1B-98EC-1052407B2DCC" value="true"/>
</engineerTo>
<pk>true</pk>
<usedAttributes>
<attributeRef>B48B749B-A049-9506-500A-73E0D0A34144</attributeRef>
</usedAttributes>
</identifier>
</identifiers>
</Entity>