<?xml version = '1.0' encoding = 'UTF-8'?>
<Entity class="oracle.dbtools.crest.model.design.logical.Entity" directorySegmentName="seg_0" id="9A287F85-0D1E-206E-18BB-8EB8993CF8E5" name="ESTADO POSTULACION">
<createdBy>sd</createdBy>
<createdTime>2024-10-04 03:31:55 UTC</createdTime>
<generatorID>1A979A04-3DDC-FF5C-D169-D7C33432503C</generatorID>
<ownerDesignName> EFT_S9_Cesarr_lynch</ownerDesignName>
<engineerTo>
<item key="E8484329-8E4D-2379-61D7-5C55375273C6" value="true"/>
<item key="2C58F063-4171-9B1B-98EC-1052407B2DCC" value="true"/>
</engineerTo>
<adequatelyNormalized>NO</adequatelyNormalized>
<expectedVolumes>0</expectedVolumes>
<fwdEngineeringStrategyName>Single Table</fwdEngineeringStrategyName>
<growthPercent>0</growthPercent>
<growthType>Year</growthType>
<maxVolumes>9999999</maxVolumes>
<minVolumes>0</minVolumes>
<normalForm>Third</normalForm>
<attributes itemClass="oracle.dbtools.crest.model.design.logical.Attribute">
<Attribute name="ID ESTADO" id="22C59030-B4DB-A92C-3763-798999FD4DD5">
<createdBy>sd</createdBy>
<createdTime>2024-10-04 03:31:55 UTC</createdTime>
<generatorID>05F7F736-4C08-1E29-8D38-9CF1108CF37F</generatorID>
<ownerDesignName> EFT_S9_Cesarr_lynch</ownerDesignName>
<engineerTo>
<item key="E8484329-8E4D-2379-61D7-5C55375273C6" value="true"/>
<item key="2C58F063-4171-9B1B-98EC-1052407B2DCC" value="true"/>
</engineerTo>
<use>0</use>
<logicalDatatype>LOGDT019</logicalDatatype>
<domain>5E0521C9-1C83-4AFE-4A4E-D76B58E28465</domain>
<ownDataTypeParameters>,,</ownDataTypeParameters>
</Attribute>
<Attribute name="NOMB ESTADO" id="F9453182-E705-BF3F-EABF-6EBDE4B5928A">
<createdBy>sd</createdBy>
<createdTime>2024-10-04 03:31:55 UTC</createdTime>
<generatorID>D993630D-01C2-1663-28D6-63F8908B82BB</generatorID>
<ownerDesignName> EFT_S9_Cesarr_lynch</ownerDesignName>
<engineerTo>
<item key="E8484329-8E4D-2379-61D7-5C55375273C6" value="true"/>
<item key="2C58F063-4171-9B1B-98EC-1052407B2DCC" value="true"/>
</engineerTo>
<use>0</use>
<logicalDatatype>LOGDT024</logicalDatatype>
<domain>7524999C-2B4B-4222-F983-5E8E231CF05B</domain>
<ownDataTypeParameters>,,</ownDataTypeParameters>
</Attribute>
</attributes>
<identifiers itemClass="oracle.dbtools.crest.model.design.logical.CandidateKey">
<identifier id="9BB37FBA-10C9-F77E-897C-34E55C150E14" name="ESTADO POSTULACION PK">
<createdBy>sd</createdBy>
<createdTime>2024-10-04 03:31:55 UTC</createdTime>
<generatorID>7C0BE40A-B7D5-0025-68E6-91D72252F317</generatorID>
<ownerDesignName> EFT_S9_Cesarr_lynch</ownerDesignName>
<engineerTo>
<item key="E8484329-8E4D-2379-61D7-5C55375273C6" value="true"/>
<item key="2C58F063-4171-9B1B-98EC-1052407B2DCC" value="true"/>
</engineerTo>
<pk>true</pk>
<usedAttributes>
<attributeRef>22C59030-B4DB-A92C-3763-798999FD4DD5</attributeRef>
</usedAttributes>
</identifier>
<identifier id="A3A4C090-F10A-0FF8-5A0B-5147C008B3FD" name="ESTADO POSTULACION UK0">
<createdBy>sd</createdBy>
<createdTime>2024-10-04 03:31:55 UTC</createdTime>
<generatorID>08432806-EA93-9345-ACAC-32EB66329D97</generatorID>
<ownerDesignName> EFT_S9_Cesarr_lynch</ownerDesignName>
<engineerTo>
<item key="E8484329-8E4D-2379-61D7-5C55375273C6" value="true"/>
<item key="2C58F063-4171-9B1B-98EC-1052407B2DCC" value="true"/>
</engineerTo>
<usedAttributes>
<attributeRef>F9453182-E705-BF3F-EABF-6EBDE4B5928A</attributeRef>
</usedAttributes>
</identifier>
</identifiers>
</Entity>