<?xml version = '1.0' encoding = 'UTF-8'?>
<Entity class="oracle.dbtools.crest.model.design.logical.Entity" directorySegmentName="seg_0" id="D49B6D7C-0972-EBAF-587D-A1767209FBCB" name="postu">
<createdBy>sd</createdBy>
<createdTime>2024-10-04 03:27:01 UTC</createdTime>
<generatorID>6ADA9F35-C1E6-EA53-EEF1-708867EB5292</generatorID>
<ownerDesignName> EFT_S9_Cesarr_lynch</ownerDesignName>
<engineerTo>
<item key="E8484329-8E4D-2379-61D7-5C55375273C6" value="true"/>
<item key="2C58F063-4171-9B1B-98EC-1052407B2DCC" value="true"/>
</engineerTo>
<adequatelyNormalized>NO</adequatelyNormalized>
<expectedVolumes>0</expectedVolumes>
<fwdEngineeringStrategyName>Single Table</fwdEngineeringStrategyName>
<growthPercent>0</growthPercent>
<growthType>Year</growthType>
<maxVolumes>9999999</maxVolumes>
<minVolumes>0</minVolumes>
<normalForm>Third</normalForm>
<attributes itemClass="oracle.dbtools.crest.model.design.logical.Attribute">
<Attribute name="id post" id="D6F23C6A-D0D1-1678-79A4-81690202E67F">
<createdBy>sd</createdBy>
<createdTime>2024-10-04 03:27:01 UTC</createdTime>
<generatorID>1A83F839-489E-D130-BC09-68A8B58C6A3F</generatorID>
<ownerDesignName> EFT_S9_Cesarr_lynch</ownerDesignName>
<engineerTo>
<item key="E8484329-8E4D-2379-61D7-5C55375273C6" value="true"/>
<item key="2C58F063-4171-9B1B-98EC-1052407B2DCC" value="true"/>
</engineerTo>
<use>0</use>
<logicalDatatype>LOGDT011</logicalDatatype>
<domain>2AC6CBBF-67F3-8979-9739-6C4E07B96E0A</domain>
<ownDataTypeParameters>,,</ownDataTypeParameters>
</Attribute>
<Attribute name="id acad" id="952B1472-E749-520C-150B-D471D4C15B58">
<createdBy>sd</createdBy>
<createdTime>2024-10-04 03:27:01 UTC</createdTime>
<generatorID>BD2BAEA2-506E-7548-4B2E-58712AFD5E39</generatorID>
<ownerDesignName> EFT_S9_Cesarr_lynch</ownerDesignName>
<engineerTo>
<item key="E8484329-8E4D-2379-61D7-5C55375273C6" value="true"/>
<item key="2C58F063-4171-9B1B-98EC-1052407B2DCC" value="true"/>
</engineerTo>
<nullsAllowed>true</nullsAllowed>
<referedAttribute>5F7B8A07-D467-08F0-21D8-1663467FA0FB</referedAttribute>
<use>0</use>
<logicalDatatype>LOGDT011</logicalDatatype>
<domain>2AC6CBBF-67F3-8979-9739-6C4E07B96E0A</domain>
<ownDataTypeParameters>,,</ownDataTypeParameters>
</Attribute>
<Attribute name="id proy" id="B9B9FC0A-D43E-558F-9F41-8E0EE9E5CB7D">
<createdBy>sd</createdBy>
<createdTime>2024-10-04 03:27:01 UTC</createdTime>
<generatorID>F9141F4C-9D44-7299-3C10-C9DDFA391586</generatorID>
<ownerDesignName> EFT_S9_Cesarr_lynch</ownerDesignName>
<engineerTo>
<item key="E8484329-8E4D-2379-61D7-5C55375273C6" value="true"/>
<item key="2C58F063-4171-9B1B-98EC-1052407B2DCC" value="true"/>
</engineerTo>
<nullsAllowed>true</nullsAllowed>
<referedAttribute>BBDBD340-FFA1-A8E4-85CC-DE251A3CE616</referedAttribute>
<use>0</use>
<logicalDatatype>LOGDT011</logicalDatatype>
<domain>2AC6CBBF-67F3-8979-9739-6C4E07B96E0A</domain>
<ownDataTypeParameters>,,</ownDataTypeParameters>
</Attribute>
<Attribute name="fech pos" id="E55F6818-DDA0-5C58-4CBA-871AF2946317">
<createdBy>sd</createdBy>
<createdTime>2024-10-04 03:27:01 UTC</createdTime>
<generatorID>F0125210-50C7-3C65-3021-8E9C880E5948</generatorID>
<ownerDesignName> EFT_S9_Cesarr_lynch</ownerDesignName>
<engineerTo>
<item key="E8484329-8E4D-2379-61D7-5C55375273C6" value="true"/>
<item key="2C58F063-4171-9B1B-98EC-1052407B2DCC" value="true"/>
</engineerTo>
<use>0</use>
<logicalDatatype>LOGDT007</logicalDatatype>
<domain>6BED1052-4EA5-29C0-F10B-DA50C184E6AB</domain>
<ownDataTypeParameters>,,</ownDataTypeParameters>
</Attribute>
<Attribute name="id estado" id="BC986662-8379-0519-529C-953A1FA5EDCA">
<createdBy>sd</createdBy>
<createdTime>2024-10-04 03:27:01 UTC</createdTime>
<generatorID>09FA0FF3-82ED-C01F-3E00-D3D150013D85</generatorID>
<ownerDesignName> EFT_S9_Cesarr_lynch</ownerDesignName>
<engineerTo>
<item key="E8484329-8E4D-2379-61D7-5C55375273C6" value="true"/>
<item key="2C58F063-4171-9B1B-98EC-1052407B2DCC" value="true"/>
</engineerTo>
<use>0</use>
<logicalDatatype>LOGDT011</logicalDatatype>
<domain>2AC6CBBF-67F3-8979-9739-6C4E07B96E0A</domain>
<ownDataTypeParameters>,,</ownDataTypeParameters>
</Attribute>
<Attribute name="cuenta banc" id="D2C12DE4-E673-49E3-DF5A-2EFF0248DC4E">
<createdBy>sd</createdBy>
<createdTime>2024-10-04 03:27:01 UTC</createdTime>
<generatorID>A977D141-FDF1-AECD-D536-7EFBA64EB549</generatorID>
<ownerDesignName> EFT_S9_Cesarr_lynch</ownerDesignName>
<engineerTo>
<item key="E8484329-8E4D-2379-61D7-5C55375273C6" value="true"/>
<item key="2C58F063-4171-9B1B-98EC-1052407B2DCC" value="true"/>
</engineerTo>
<use>0</use>
<logicalDatatype>LOGDT024</logicalDatatype>
<domain>2DD4E660-02C6-4A4C-7510-B4D0EA96A5E1</domain>
<ownDataTypeParameters>,,</ownDataTypeParameters>
</Attribute>
</attributes>
<identifiers itemClass="oracle.dbtools.crest.model.design.logical.CandidateKey">
<identifier id="752B20A1-19AE-5005-A765-5900BEA3B916" name="postu PK">
<createdBy>sd</createdBy>
<createdTime>2024-10-04 03:27:01 UTC</createdTime>
<generatorID>5A7B47B0-8837-CF5F-B703-407D33FC2095</generatorID>
<ownerDesignName> EFT_S9_Cesarr_lynch</ownerDesignName>
<engineerTo>
<item key="E8484329-8E4D-2379-61D7-5C55375273C6" value="true"/>
<item key="2C58F063-4171-9B1B-98EC-1052407B2DCC" value="true"/>
</engineerTo>
<pk>true</pk>
<usedAttributes>
<attributeRef>D6F23C6A-D0D1-1678-79A4-81690202E67F</attributeRef>
</usedAttributes>
</identifier>
</identifiers>
</Entity>