<?xml version = '1.0' encoding = 'UTF-8'?>
<TableProxyOraclev20c class="oracle.dbtools.crest.model.design.storage.oracle.v20c.TableProxyOraclev20c" name="ESTADO_POSTULACION" directorySegmentName="seg_0" id="1A979A04-3DDC-FF5C-D169-D7C33432503C">
<createdBy>sd</createdBy>
<createdTime>2024-10-04 03:31:32 UTC</createdTime>
<ownerDesignName> EFT_S9_Cesarr_lynch</ownerDesignName>
<schemaObject>A7A6CC7B-94EB-D29E-2533-55154BEDDD30</schemaObject>
<logging>YES</logging>
<partitionedRowMovement>DISABLE</partitionedRowMovement>
<segment>A1F9D165-F57D-7E2C-2293-4C0BCD82DEA0</segment>
<tableSpace>A6FA5BC6-42DF-0671-ADC7-7FFEA994B6D2</tableSpace>
<temporaryChanged>false</temporaryChanged>
<accessDriverType>oracle_loader</accessDriverType>
<rejectLimit></rejectLimit>
<columnProxies itemClass="oracle.dbtools.crest.model.design.storage.oracle.v12c.ColumnProxyOraclev12c">
<ColumnProxy name="ID_ESTADO" id="05F7F736-4C08-1E29-8D38-9CF1108CF37F">
<createdBy>sd</createdBy>
<createdTime>2024-10-04 03:31:32 UTC</createdTime>
<ownerDesignName> EFT_S9_Cesarr_lynch</ownerDesignName>
</ColumnProxy>
<ColumnProxy name="NOMB_ESTADO" id="D993630D-01C2-1663-28D6-63F8908B82BB">
<createdBy>sd</createdBy>
<createdTime>2024-10-04 03:31:32 UTC</createdTime>
<ownerDesignName> EFT_S9_Cesarr_lynch</ownerDesignName>
</ColumnProxy>
</columnProxies>
<indexProxies>
<IndexProxy class="oracle.dbtools.crest.model.design.storage.oracle.v10g.IndexProxyOraclev10g" name="SYS_C0031769" id="7664B35A-3931-C99C-048D-4E574A1E322D">
<createdBy>sd</createdBy>
<createdTime>2024-10-04 03:31:32 UTC</createdTime>
<ownerDesignName> EFT_S9_Cesarr_lynch</ownerDesignName>
<schemaObject>A7A6CC7B-94EB-D29E-2533-55154BEDDD30</schemaObject>
<logging></logging>
<segment>F3D86D01-5DC6-C6ED-7CF3-62AC7C3C05EE</segment>
<tableSpace>A6FA5BC6-42DF-0671-ADC7-7FFEA994B6D2</tableSpace>
</IndexProxy>
<IndexProxy class="oracle.dbtools.crest.model.design.storage.oracle.v10g.IndexProxyOraclev10g" name="SYS_C0031768" id="B2DD05DF-B4A4-CF85-6D76-89A4201E01DA">
<createdBy>sd</createdBy>
<createdTime>2024-10-04 03:31:32 UTC</createdTime>
<ownerDesignName> EFT_S9_Cesarr_lynch</ownerDesignName>
<schemaObject>A7A6CC7B-94EB-D29E-2533-55154BEDDD30</schemaObject>
<logging></logging>
<segment>F3D86D01-5DC6-C6ED-7CF3-62AC7C3C05EE</segment>
<tableSpace>A6FA5BC6-42DF-0671-ADC7-7FFEA994B6D2</tableSpace>
</IndexProxy>
</indexProxies>
<primaryKeys>
<PrimaryKey class="oracle.dbtools.crest.model.design.storage.oracle.v10g.PKProxyOraclev10g" name="ESTADO_POSTULACION_PK" id="7C0BE40A-B7D5-0025-68E6-91D72252F317">
<createdBy>sd</createdBy>
<createdTime>2024-10-04 03:31:32 UTC</createdTime>
<ownerDesignName> EFT_S9_Cesarr_lynch</ownerDesignName>
<logging></logging>
<segment>3251CC9B-9888-5E50-6864-BEC7ED22DBD9</segment>
<tableSpace>A6FA5BC6-42DF-0671-ADC7-7FFEA994B6D2</tableSpace>
<indexSegment>3251CC9B-9888-5E50-6864-BEC7ED22DBD9</indexSegment>
<indexSort>SORTED</indexSort>
<usingIndex>BY INDEX NAME</usingIndex>
</PrimaryKey>
</primaryKeys>
<uniqueKeys>
<UniqueKey class="oracle.dbtools.crest.model.design.storage.oracle.v10g.UniqueOraclev10g" name="ESTADO_POSTULACION_UK0" id="08432806-EA93-9345-ACAC-32EB66329D97">
<createdBy>sd</createdBy>
<createdTime>2024-10-04 03:31:32 UTC</createdTime>
<ownerDesignName> EFT_S9_Cesarr_lynch</ownerDesignName>
<logging></logging>
<segment>3251CC9B-9888-5E50-6864-BEC7ED22DBD9</segment>
<tableSpace>A6FA5BC6-42DF-0671-ADC7-7FFEA994B6D2</tableSpace>
<indexSegment>3251CC9B-9888-5E50-6864-BEC7ED22DBD9</indexSegment>
<indexSort>SORTED</indexSort>
<usingIndex>BY INDEX NAME</usingIndex>
</UniqueKey>
</uniqueKeys>
</TableProxyOraclev20c>