<?xml version = '1.0' encoding = 'UTF-8'?>
<TableProxyOraclev20c class="oracle.dbtools.crest.model.design.storage.oracle.v20c.TableProxyOraclev20c" name="insu" directorySegmentName="seg_0" id="26F19B6F-8152-4557-029B-5D6FD0CD99FE">
<createdBy>sd</createdBy>
<createdTime>2024-10-04 03:31:32 UTC</createdTime>
<ownerDesignName> EFT_S9_Cesarr_lynch</ownerDesignName>
<logging>YES</logging>
<partitionedRowMovement>DISABLE</partitionedRowMovement>
<temporaryChanged>false</temporaryChanged>
<accessDriverType>oracle_loader</accessDriverType>
<rejectLimit></rejectLimit>
<columnProxies itemClass="oracle.dbtools.crest.model.design.storage.oracle.v12c.ColumnProxyOraclev12c">
<ColumnProxy name="id_prof" id="830ED98D-C836-E93B-F6EB-021A94C333BB">
<createdBy>sd</createdBy>
<createdTime>2024-10-04 03:31:32 UTC</createdTime>
<ownerDesignName> EFT_S9_Cesarr_lynch</ownerDesignName>
</ColumnProxy>
<ColumnProxy name="fech_asig" id="C03DAF2A-0D77-CBDA-B62D-A4D9FCDF21FD">
<createdBy>sd</createdBy>
<createdTime>2024-10-04 03:31:32 UTC</createdTime>
<ownerDesignName> EFT_S9_Cesarr_lynch</ownerDesignName>
</ColumnProxy>
<ColumnProxy name="id_curs" id="D9678D3B-A293-CA8B-B546-F9BCB4F83A20">
<createdBy>sd</createdBy>
<createdTime>2024-10-04 03:31:32 UTC</createdTime>
<ownerDesignName> EFT_S9_Cesarr_lynch</ownerDesignName>
</ColumnProxy>
</columnProxies>
<foreignKeys>
<ForeignKey class="oracle.dbtools.crest.model.design.storage.oracle.v10g.FKProxyOraclev10g" name="insu_profe_FK" id="0BBB1475-77AA-01CE-73F5-BBD341C1D5CB">
<createdBy>sd</createdBy>
<createdTime>2024-10-04 03:31:32 UTC</createdTime>
<ownerDesignName> EFT_S9_Cesarr_lynch</ownerDesignName>
</ForeignKey>
<ForeignKey class="oracle.dbtools.crest.model.design.storage.oracle.v10g.FKProxyOraclev10g" name="insu_curs_FK" id="D846B64A-49DA-1043-63E1-A1951CD4A02A">
<createdBy>sd</createdBy>
<createdTime>2024-10-04 03:31:32 UTC</createdTime>
<ownerDesignName> EFT_S9_Cesarr_lynch</ownerDesignName>
</ForeignKey>
</foreignKeys>
<primaryKeys>
<PrimaryKey class="oracle.dbtools.crest.model.design.storage.oracle.v10g.PKProxyOraclev10g" name="insu_PK" id="F1C8105F-5DC9-55BB-CDDB-56373DC2271B">
<createdBy>sd</createdBy>
<createdTime>2024-10-04 03:31:32 UTC</createdTime>
<ownerDesignName> EFT_S9_Cesarr_lynch</ownerDesignName>
<indexSort>SORTED</indexSort>
</PrimaryKey>
</primaryKeys>
</TableProxyOraclev20c>