<?xml version = '1.0' encoding = 'UTF-8'?>
<Diagram class="oracle.dbtools.crest.swingui.relational.DPVRelational" name="Relational_1" id="957E8FB9-F98F-0D93-C3A2-A21AEC6180A4">
<createdBy>sd</createdBy>
<modifiedBy>sd</modifiedBy>
<createdTime>2024-10-04 03:31:32 UTC</createdTime>
<autoRoute>false</autoRoute>
<boxInbox>true</boxInbox>
<showLegend>false</showLegend>
<showLabels>false</showLabels>
<showRelAttributes>false</showRelAttributes>
<gridEnabled>false</gridEnabled>
<showGrid>false</showGrid>
<diagramColor>-1</diagramColor>
<display>false</display>
<notation>1</notation>
<objectViews>
<OView class="oracle.dbtools.crest.swingui.relational.TVTable" oid="1A979A04-3DDC-FF5C-D169-D7C33432503C" otype="Table" vid="4FE46B5F-63C5-0B9F-4101-2A65C63AD0C7">
<hideElementsInCurrentOnly>false</hideElementsInCurrentOnly>
<bounds x="586" y="108" width="273" height="122"/>
</OView>
<OView class="oracle.dbtools.crest.swingui.relational.TVTable" oid="26F19B6F-8152-4557-029B-5D6FD0CD99FE" otype="Table" vid="286395CA-94B1-C787-AE4C-5F68239DE02E">
<hideElementsInCurrentOnly>false</hideElementsInCurrentOnly>
<bounds x="705" y="241" width="156" height="122"/>
</OView>
<OView class="oracle.dbtools.crest.swingui.relational.TVTable" oid="A3AFBEDD-E072-4E86-3BB5-8A2CFF008557" otype="Table" vid="AB64F134-2813-AF70-BF10-678F8A5B6504">
<hideElementsInCurrentOnly>false</hideElementsInCurrentOnly>
<bounds x="10" y="406" width="168" height="164"/>
</OView>
<OView class="oracle.dbtools.crest.swingui.relational.TVTable" oid="A63EB4CD-3965-50C6-3D5B-F142256F8E5F" otype="Table" vid="1D822C94-F5AA-12E1-28ED-9852E3D41DD8">
<hideElementsInCurrentOnly>false</hideElementsInCurrentOnly>
<bounds x="393" y="453" width="192" height="102"/>
</OView>
<OView class="oracle.dbtools.crest.swingui.relational.TVTable" oid="BC0A5597-1139-2489-B63A-31E7517F4715" otype="Table" vid="699A33C0-04DD-01CC-C60E-518DACBC3910">
<hideElementsInCurrentOnly>false</hideElementsInCurrentOnly>
<bounds x="319" y="183" width="195" height="88"/>
</OView>
<OView class="oracle.dbtools.crest.swingui.relational.TVTable" oid="BF995BB2-6E6E-17DE-8751-22DDF964867C" otype="Table" vid="3645D222-B78F-3CC6-14CF-4113C4D981ED">
<hideElementsInCurrentOnly>false</hideElementsInCurrentOnly>
<bounds x="338" y="2" width="194" height="116"/>
</OView>
<OView class="oracle.dbtools.crest.swingui.relational.TVTable" oid="CD478AED-5560-09E5-83F5-15800DBBEAED" otype="Table" vid="EA350E8B-C231-2FD1-EE18-5C6EF8C523AF">
<hideElementsInCurrentOnly>false</hideElementsInCurrentOnly>
<bounds x="49" y="231" width="198" height="150"/>
</OView>
<OView class="oracle.dbtools.crest.swingui.relational.TVTable" oid="D5C7AD07-4D58-79BE-A83F-9A8549DCE3BF" otype="Table" vid="D7B3A0BD-4D09-E984-B85A-8391A5BABECB">
<hideElementsInCurrentOnly>false</hideElementsInCurrentOnly>
<bounds x="400" y="284" width="193" height="122"/>
</OView>
<OView class="oracle.dbtools.crest.swingui.relational.TVTable" oid="EC23D0F4-9243-6004-D61C-441B52A7F199" otype="Table" vid="9F015E8B-B24F-940A-BECB-5F8229FC48B7">
<hideElementsInCurrentOnly>false</hideElementsInCurrentOnly>
<bounds x="0" y="8" width="263" height="178"/>
</OView>
</objectViews>
<connectors>
<Connector class="oracle.dbtools.crest.swingui.relational.TVFKRelation" oid="11BB87EE-5985-1068-C64B-B2E6892D3F31" otype="FKIndexAssociation" vid_source="3645D222-B78F-3CC6-14CF-4113C4D981ED" vid_target="9F015E8B-B24F-940A-BECB-5F8229FC48B7">
<hideElementsInCurrentOnly>false</hideElementsInCurrentOnly>
<backgroundColor>-16777216</backgroundColor>
<lineWidth>1</lineWidth>
<points>
<point x="338" y="63"/>
<point x="263" y="63"/>
</points>
</Connector>
<Connector class="oracle.dbtools.crest.swingui.relational.TVFKRelation" oid="1FF30798-C380-4087-02B9-1A724DC02DEB" otype="FKIndexAssociation" vid_source="4FE46B5F-63C5-0B9F-4101-2A65C63AD0C7" vid_target="9F015E8B-B24F-940A-BECB-5F8229FC48B7">
<hideElementsInCurrentOnly>false</hideElementsInCurrentOnly>
<backgroundColor>-16777216</backgroundColor>
<lineWidth>1</lineWidth>
<points>
<point x="586" y="147"/>
<point x="263" y="147"/>
</points>
</Connector>
<Connector class="oracle.dbtools.crest.swingui.relational.TVFKRelation" oid="33C7DFF8-5ED7-CE20-80E6-1E2931E9E98B" otype="FKIndexAssociation" vid_source="EA350E8B-C231-2FD1-EE18-5C6EF8C523AF" vid_target="D7B3A0BD-4D09-E984-B85A-8391A5BABECB">
<hideElementsInCurrentOnly>false</hideElementsInCurrentOnly>
<backgroundColor>-16777216</backgroundColor>
<lineWidth>1</lineWidth>
<points>
<point x="247" y="332"/>
<point x="400" y="332"/>
</points>
</Connector>
<Connector class="oracle.dbtools.crest.swingui.relational.TVFKRelation" oid="50655D06-A34A-272D-4D01-C89786C9FFBE" otype="FKIndexAssociation" vid_source="EA350E8B-C231-2FD1-EE18-5C6EF8C523AF" vid_target="AB64F134-2813-AF70-BF10-678F8A5B6504">
<hideElementsInCurrentOnly>false</hideElementsInCurrentOnly>
<backgroundColor>-16777216</backgroundColor>
<lineWidth>1</lineWidth>
<points>
<point x="113" y="381"/>
<point x="113" y="406"/>
</points>
</Connector>
<Connector class="oracle.dbtools.crest.swingui.relational.TVFKRelation" oid="74722824-4678-1CC5-92BC-76629E281549" otype="FKIndexAssociation" vid_source="699A33C0-04DD-01CC-C60E-518DACBC3910" vid_target="EA350E8B-C231-2FD1-EE18-5C6EF8C523AF">
<hideElementsInCurrentOnly>false</hideElementsInCurrentOnly>
<backgroundColor>-16777216</backgroundColor>
<lineWidth>1</lineWidth>
<points>
<point x="319" y="251"/>
<point x="247" y="251"/>
</points>
</Connector>
<Connector class="oracle.dbtools.crest.swingui.relational.TVFKRelation" oid="8ACD4622-CD8C-7F3C-6A07-F2A55797CDE5" otype="FKIndexAssociation" vid_source="1D822C94-F5AA-12E1-28ED-9852E3D41DD8" vid_target="EA350E8B-C231-2FD1-EE18-5C6EF8C523AF">
<hideElementsInCurrentOnly>false</hideElementsInCurrentOnly>
<backgroundColor>-16777216</backgroundColor>
<lineWidth>1</lineWidth>
<points>
<point x="401" y="453"/>
<point x="247" y="363"/>
</points>
</Connector>
<Connector class="oracle.dbtools.crest.swingui.relational.TVFKRelation" oid="9D01A203-C8E5-906F-2385-9A1F7CCAE49E" otype="FKIndexAssociation" vid_source="1D822C94-F5AA-12E1-28ED-9852E3D41DD8" vid_target="AB64F134-2813-AF70-BF10-678F8A5B6504">
<hideElementsInCurrentOnly>false</hideElementsInCurrentOnly>
<backgroundColor>-16777216</backgroundColor>
<lineWidth>1</lineWidth>
<points>
<point x="393" y="504"/>
<point x="178" y="504"/>
</points>
</Connector>
<Connector class="oracle.dbtools.crest.swingui.relational.TVFKRelation" oid="AFE2B24E-5D8F-2865-A276-0728658377E2" otype="FKIndexAssociation" vid_source="D7B3A0BD-4D09-E984-B85A-8391A5BABECB" vid_target="286395CA-94B1-C787-AE4C-5F68239DE02E">
<hideElementsInCurrentOnly>false</hideElementsInCurrentOnly>
<backgroundColor>-16777216</backgroundColor>
<lineWidth>1</lineWidth>
<points>
<point x="593" y="323"/>
<point x="705" y="323"/>
</points>
</Connector>
<Connector class="oracle.dbtools.crest.swingui.relational.TVFKRelation" oid="DB61243A-1BE2-7C89-3176-49A7668481AF" otype="FKIndexAssociation" vid_source="EA350E8B-C231-2FD1-EE18-5C6EF8C523AF" vid_target="9F015E8B-B24F-940A-BECB-5F8229FC48B7">
<hideElementsInCurrentOnly>false</hideElementsInCurrentOnly>
<backgroundColor>-16777216</backgroundColor>
<lineWidth>1</lineWidth>
<points>
<point x="148" y="231"/>
<point x="148" y="186"/>
</points>
</Connector>
<Connector class="oracle.dbtools.crest.swingui.relational.TVFKRelation" oid="FEFEA35D-45C9-BB77-E52D-82AD3DABDDE3" otype="FKIndexAssociation" vid_source="1D822C94-F5AA-12E1-28ED-9852E3D41DD8" vid_target="286395CA-94B1-C787-AE4C-5F68239DE02E">
<hideElementsInCurrentOnly>false</hideElementsInCurrentOnly>
<backgroundColor>-16777216</backgroundColor>
<lineWidth>1</lineWidth>
<points>
<point x="563" y="453"/>
<point x="705" y="355"/>
</points>
</Connector>
</connectors>
</Diagram>