<?xml version = '1.0' encoding = 'UTF-8'?>
<Table class="oracle.dbtools.crest.model.design.relational.Table" directorySegmentName="seg_0" id="0570AC9A-73A5-BDAB-3D7D-05E0C1C93894" name="turno">
<sourceDDLFile>examenfinal.sql</sourceDDLFile>
<createdBy>sd</createdBy>
<createdTime>2024-10-04 03:26:54 UTC</createdTime>
<ownerDesignName> EFT_S9_Cesarr_lynch</ownerDesignName>
<importedID>B769106E-5974-9F05-1C42-B7D7C86C5CDB</importedID>
<allowColumnReorder>false</allowColumnReorder>
<existDependencyGenerateInDDl>true</existDependencyGenerateInDDl>
<parsed>true</parsed>
<columns itemClass="oracle.dbtools.crest.model.design.relational.Column">
<Column name="id_turn" id="1B752985-D3B3-94D9-2803-747AD4CD012B">
<sourceDDLFile>examenfinal.sql</sourceDDLFile>
<createdBy>sd</createdBy>
<createdTime>2024-10-04 03:26:54 UTC</createdTime>
<ownerDesignName> EFT_S9_Cesarr_lynch</ownerDesignName>
<importedID>44911C50-5580-296C-B29D-9916A2F4850D</importedID>
<use>0</use>
<logicalDatatype>LOGDT011</logicalDatatype>
<domain>2AC6CBBF-67F3-8979-9739-6C4E07B96E0A</domain>
<ownDataTypeParameters>,,</ownDataTypeParameters>
<autoIncrementCycle>false</autoIncrementCycle>
</Column>
<Column name="id_prof" id="3E771A02-B704-30BC-325C-10FD8FCB33EE">
<sourceDDLFile>examenfinal.sql</sourceDDLFile>
<createdBy>sd</createdBy>
<createdTime>2024-10-04 03:26:54 UTC</createdTime>
<ownerDesignName> EFT_S9_Cesarr_lynch</ownerDesignName>
<importedID>98C402AB-BF74-4401-9761-3F518000CCCB</importedID>
<nullsAllowed>true</nullsAllowed>
<use>0</use>
<logicalDatatype>LOGDT011</logicalDatatype>
<domain>2AC6CBBF-67F3-8979-9739-6C4E07B96E0A</domain>
<ownDataTypeParameters>,,</ownDataTypeParameters>
<autoIncrementCycle>false</autoIncrementCycle>
<associations>
<colAssociation fkAssociation="F23BB913-AED5-2289-9838-2E388E687849" referredColumn="0CBC5197-43B4-90AA-391E-752BD7F651AC"/>
</associations>
</Column>
<Column name="id_acad" id="2A57B4B0-8B4F-19D1-37C3-5B770B458303">
<sourceDDLFile>examenfinal.sql</sourceDDLFile>
<createdBy>sd</createdBy>
<createdTime>2024-10-04 03:26:54 UTC</createdTime>
<ownerDesignName> EFT_S9_Cesarr_lynch</ownerDesignName>
<importedID>EE33C23F-7BE7-26B8-7C5A-63BAA0690283</importedID>
<nullsAllowed>true</nullsAllowed>
<use>0</use>
<logicalDatatype>LOGDT011</logicalDatatype>
<domain>2AC6CBBF-67F3-8979-9739-6C4E07B96E0A</domain>
<ownDataTypeParameters>,,</ownDataTypeParameters>
<autoIncrementCycle>false</autoIncrementCycle>
<associations>
<colAssociation fkAssociation="84EC1270-7D77-0C27-D135-188AEDAAD61F" referredColumn="62AC5237-78B4-CF4E-DB3D-6176C6BDAD51"/>
</associations>
</Column>
<Column name="hor_ini" id="F8FB5678-D7A7-497F-E9A4-6B12E9C75F76">
<sourceDDLFile>examenfinal.sql</sourceDDLFile>
<createdBy>sd</createdBy>
<createdTime>2024-10-04 03:26:54 UTC</createdTime>
<ownerDesignName> EFT_S9_Cesarr_lynch</ownerDesignName>
<importedID>E90CAF42-6A51-F48C-9382-3748571010A5</importedID>
<use>0</use>
<logicalDatatype>LOGDT024</logicalDatatype>
<domain>827B8B0E-AF25-D152-98FE-2CF7D84121C6</domain>
<ownDataTypeParameters>,,</ownDataTypeParameters>
<autoIncrementCycle>false</autoIncrementCycle>
</Column>
<Column name="hor_fin" id="FB05A8E0-4688-DCC4-E329-CFB7A697EC6B">
<sourceDDLFile>examenfinal.sql</sourceDDLFile>
<createdBy>sd</createdBy>
<createdTime>2024-10-04 03:26:54 UTC</createdTime>
<ownerDesignName> EFT_S9_Cesarr_lynch</ownerDesignName>
<importedID>12A8E769-88B0-A82E-A7E9-4BD1703715FC</importedID>
<nullsAllowed>true</nullsAllowed>
<use>0</use>
<logicalDatatype>LOGDT024</logicalDatatype>
<domain>827B8B0E-AF25-D152-98FE-2CF7D84121C6</domain>
<ownDataTypeParameters>,,</ownDataTypeParameters>
<autoIncrementCycle>false</autoIncrementCycle>
</Column>
<Column name="dia_sem" id="80A784AB-DD1A-631C-AF64-3B5EFD2636EB">
<sourceDDLFile>examenfinal.sql</sourceDDLFile>
<createdBy>sd</createdBy>
<createdTime>2024-10-04 03:26:54 UTC</createdTime>
<ownerDesignName> EFT_S9_Cesarr_lynch</ownerDesignName>
<importedID>1120F56D-B902-2BD5-5FD7-44099BD0C326</importedID>
<use>0</use>
<logicalDatatype>LOGDT024</logicalDatatype>
<domain>827B8B0E-AF25-D152-98FE-2CF7D84121C6</domain>
<ownDataTypeParameters>,,</ownDataTypeParameters>
<autoIncrementCycle>false</autoIncrementCycle>
</Column>
</columns>
<indexes itemClass="oracle.dbtools.crest.model.design.relational.Index">
<ind_PK_UK id="DC48BF7F-00AC-34EB-F04E-20A104CB9AA6" name="turno_PK">
<sourceDDLFile>examenfinal.sql</sourceDDLFile>
<createdBy>sd</createdBy>
<createdTime>2024-10-04 03:26:54 UTC</createdTime>
<ownerDesignName> EFT_S9_Cesarr_lynch</ownerDesignName>
<importedID>02FA0FAF-6DF1-EDBD-00A7-929EA2DBB9A6</importedID>
<pk>true</pk>
<indexState>Primary Constraint</indexState>
<isSurrogateKey>false</isSurrogateKey>
<indexColumnUsage>
<colUsage columnID="1B752985-D3B3-94D9-2803-747AD4CD012B"/>
</indexColumnUsage>
</ind_PK_UK>
<ind_PK_UK id="4486274B-A642-9EA9-DB74-F2081A1E3AC9" name="turno_acad_FK">
<createdBy>sd</createdBy>
<createdTime>2024-10-04 03:26:54 UTC</createdTime>
<ownerDesignName> EFT_S9_Cesarr_lynch</ownerDesignName>
<indexState>Foreign Key</indexState>
<isSurrogateKey>false</isSurrogateKey>
<indexColumnUsage>
<colUsage columnID="2A57B4B0-8B4F-19D1-37C3-5B770B458303"/>
</indexColumnUsage>
</ind_PK_UK>
<ind_PK_UK id="0D1F2767-4D08-7291-C812-0D698A6F0152" name="turno_profe_FK">
<createdBy>sd</createdBy>
<createdTime>2024-10-04 03:26:54 UTC</createdTime>
<ownerDesignName> EFT_S9_Cesarr_lynch</ownerDesignName>
<indexState>Foreign Key</indexState>
<isSurrogateKey>false</isSurrogateKey>
<indexColumnUsage>
<colUsage columnID="3E771A02-B704-30BC-325C-10FD8FCB33EE"/>
</indexColumnUsage>
</ind_PK_UK>
</indexes>
</Table>