<?xml version = '1.0' encoding = 'UTF-8'?>
<Table class="oracle.dbtools.crest.model.design.relational.Table" directorySegmentName="seg_0" id="96A9E56B-246B-4DED-4028-6CE09CAAA0B4" name="curs">
<sourceDDLFile>examenfinal.sql</sourceDDLFile>
<createdBy>sd</createdBy>
<createdTime>2024-10-04 03:26:54 UTC</createdTime>
<ownerDesignName> EFT_S9_Cesarr_lynch</ownerDesignName>
<importedID>3C7FA932-0091-FEDE-4F0F-23DC0390FF4A</importedID>
<allowColumnReorder>false</allowColumnReorder>
<existDependencyGenerateInDDl>true</existDependencyGenerateInDDl>
<parsed>true</parsed>
<columns itemClass="oracle.dbtools.crest.model.design.relational.Column">
<Column name="id_curs" id="C3DCEF7A-9A94-9773-B5E2-835A17487B5C">
<sourceDDLFile>examenfinal.sql</sourceDDLFile>
<createdBy>sd</createdBy>
<createdTime>2024-10-04 03:26:54 UTC</createdTime>
<ownerDesignName> EFT_S9_Cesarr_lynch</ownerDesignName>
<importedID>800C69C0-1459-7F25-5C3F-072967556895</importedID>
<use>0</use>
<logicalDatatype>LOGDT011</logicalDatatype>
<domain>2AC6CBBF-67F3-8979-9739-6C4E07B96E0A</domain>
<ownDataTypeParameters>,,</ownDataTypeParameters>
<autoIncrementCycle>false</autoIncrementCycle>
</Column>
<Column name="id_acad" id="20C5C0C3-E6B0-37A3-6206-08D65E2F4A9C">
<sourceDDLFile>examenfinal.sql</sourceDDLFile>
<createdBy>sd</createdBy>
<createdTime>2024-10-04 03:26:54 UTC</createdTime>
<ownerDesignName> EFT_S9_Cesarr_lynch</ownerDesignName>
<importedID>E08F5057-FB4B-008F-0E8D-702D8A2CFCAC</importedID>
<nullsAllowed>true</nullsAllowed>
<use>0</use>
<logicalDatatype>LOGDT011</logicalDatatype>
<domain>2AC6CBBF-67F3-8979-9739-6C4E07B96E0A</domain>
<ownDataTypeParameters>,,</ownDataTypeParameters>
<autoIncrementCycle>false</autoIncrementCycle>
<associations>
<colAssociation fkAssociation="73746AD4-DD4B-EB66-9478-6EB53AD3C3C9" referredColumn="62AC5237-78B4-CF4E-DB3D-6176C6BDAD51"/>
</associations>
</Column>
<Column name="nomb_curs" id="891EE0F7-298B-9740-6017-30AEDEEB1095">
<sourceDDLFile>examenfinal.sql</sourceDDLFile>
<createdBy>sd</createdBy>
<createdTime>2024-10-04 03:26:54 UTC</createdTime>
<ownerDesignName> EFT_S9_Cesarr_lynch</ownerDesignName>
<importedID>E568E922-E9BA-5E4C-75F0-1BD5138BFECF</importedID>
<use>0</use>
<logicalDatatype>LOGDT024</logicalDatatype>
<domain>AF500923-A197-5788-488E-25C5F58C14C3</domain>
<ownDataTypeParameters>,,</ownDataTypeParameters>
<autoIncrementCycle>false</autoIncrementCycle>
</Column>
<Column name="durac" id="50477F62-8E55-2826-EB26-16D8268B7DB6">
<sourceDDLFile>examenfinal.sql</sourceDDLFile>
<createdBy>sd</createdBy>
<createdTime>2024-10-04 03:26:54 UTC</createdTime>
<ownerDesignName> EFT_S9_Cesarr_lynch</ownerDesignName>
<importedID>22A8CC44-8CE6-F134-5631-1CEE002ACA32</importedID>
<use>0</use>
<logicalDatatype>LOGDT011</logicalDatatype>
<domain>2AC6CBBF-67F3-8979-9739-6C4E07B96E0A</domain>
<ownDataTypeParameters>,,</ownDataTypeParameters>
<autoIncrementCycle>false</autoIncrementCycle>
</Column>
</columns>
<indexes itemClass="oracle.dbtools.crest.model.design.relational.Index">
<ind_PK_UK id="F1831915-FE9F-BB82-CF7F-7227DB9C06FE" name="curs_PK">
<sourceDDLFile>examenfinal.sql</sourceDDLFile>
<createdBy>sd</createdBy>
<createdTime>2024-10-04 03:26:54 UTC</createdTime>
<ownerDesignName> EFT_S9_Cesarr_lynch</ownerDesignName>
<importedID>A37C4AA1-AFF5-B1D2-E6FB-15EB7A36C765</importedID>
<pk>true</pk>
<indexState>Primary Constraint</indexState>
<isSurrogateKey>false</isSurrogateKey>
<indexColumnUsage>
<colUsage columnID="C3DCEF7A-9A94-9773-B5E2-835A17487B5C"/>
</indexColumnUsage>
</ind_PK_UK>
<ind_PK_UK id="BB0A7707-DFE2-3C52-6CEE-AAC129EAACBD" name="curs_acad_FK">
<createdBy>sd</createdBy>
<createdTime>2024-10-04 03:26:54 UTC</createdTime>
<ownerDesignName> EFT_S9_Cesarr_lynch</ownerDesignName>
<indexState>Foreign Key</indexState>
<isSurrogateKey>false</isSurrogateKey>
<indexColumnUsage>
<colUsage columnID="20C5C0C3-E6B0-37A3-6206-08D65E2F4A9C"/>
</indexColumnUsage>
</ind_PK_UK>
</indexes>
</Table>