<?xml version = '1.0' encoding = 'UTF-8'?>
<Table class="oracle.dbtools.crest.model.design.relational.Table" directorySegmentName="seg_0" id="D67E44E8-437E-D693-50B1-1142084791F3" name="insu">
<sourceDDLFile>examenfinal.sql</sourceDDLFile>
<createdBy>sd</createdBy>
<createdTime>2024-10-04 03:26:54 UTC</createdTime>
<ownerDesignName> EFT_S9_Cesarr_lynch</ownerDesignName>
<importedID>04EDDB24-982C-EEE2-F792-CEC42CB34C46</importedID>
<allowColumnReorder>false</allowColumnReorder>
<existDependencyGenerateInDDl>true</existDependencyGenerateInDDl>
<parsed>true</parsed>
<columns itemClass="oracle.dbtools.crest.model.design.relational.Column">
<Column name="id_prof" id="3268EBA9-56BC-7605-73D5-C3B47395CE59">
<sourceDDLFile>examenfinal.sql</sourceDDLFile>
<createdBy>sd</createdBy>
<createdTime>2024-10-04 03:26:54 UTC</createdTime>
<ownerDesignName> EFT_S9_Cesarr_lynch</ownerDesignName>
<importedID>ADAD5D1A-CF83-3397-D13B-178B66F4773A</importedID>
<use>0</use>
<logicalDatatype>LOGDT011</logicalDatatype>
<domain>2AC6CBBF-67F3-8979-9739-6C4E07B96E0A</domain>
<ownDataTypeParameters>,,</ownDataTypeParameters>
<autoIncrementCycle>false</autoIncrementCycle>
<associations>
<colAssociation fkAssociation="2FD58B91-9D6B-8470-6128-A6C874A5A42C" referredColumn="0CBC5197-43B4-90AA-391E-752BD7F651AC"/>
</associations>
</Column>
<Column name="id_curs" id="3081BA63-29B0-9992-F914-0F257F5C7184">
<sourceDDLFile>examenfinal.sql</sourceDDLFile>
<createdBy>sd</createdBy>
<createdTime>2024-10-04 03:26:54 UTC</createdTime>
<ownerDesignName> EFT_S9_Cesarr_lynch</ownerDesignName>
<importedID>15016C43-2C58-A3C1-5EB5-9E7EB767396B</importedID>
<use>0</use>
<logicalDatatype>LOGDT011</logicalDatatype>
<domain>2AC6CBBF-67F3-8979-9739-6C4E07B96E0A</domain>
<ownDataTypeParameters>,,</ownDataTypeParameters>
<autoIncrementCycle>false</autoIncrementCycle>
<associations>
<colAssociation fkAssociation="42E06E03-05E2-ABEA-70E6-2636BD1CAD1E" referredColumn="C3DCEF7A-9A94-9773-B5E2-835A17487B5C"/>
</associations>
</Column>
<Column name="fech_asig" id="F6AAFD7A-7CC8-9158-C75D-81CCF0095C5A">
<sourceDDLFile>examenfinal.sql</sourceDDLFile>
<createdBy>sd</createdBy>
<createdTime>2024-10-04 03:26:54 UTC</createdTime>
<ownerDesignName> EFT_S9_Cesarr_lynch</ownerDesignName>
<importedID>6525960D-681B-9D48-F614-949A9B650D95</importedID>
<use>0</use>
<logicalDatatype>LOGDT007</logicalDatatype>
<domain>6BED1052-4EA5-29C0-F10B-DA50C184E6AB</domain>
<ownDataTypeParameters>,,</ownDataTypeParameters>
<autoIncrementCycle>false</autoIncrementCycle>
</Column>
</columns>
<indexes itemClass="oracle.dbtools.crest.model.design.relational.Index">
<ind_PK_UK id="C649A6DA-9238-B739-4B31-E538F814879C" name="insu_PK">
<sourceDDLFile>examenfinal.sql</sourceDDLFile>
<createdBy>sd</createdBy>
<createdTime>2024-10-04 03:26:54 UTC</createdTime>
<ownerDesignName> EFT_S9_Cesarr_lynch</ownerDesignName>
<importedID>6DC13ABD-7BB0-92C9-B72D-70668BC11DAE</importedID>
<pk>true</pk>
<indexState>Primary Constraint</indexState>
<isSurrogateKey>false</isSurrogateKey>
<indexColumnUsage>
<colUsage columnID="3268EBA9-56BC-7605-73D5-C3B47395CE59"/>
<colUsage columnID="3081BA63-29B0-9992-F914-0F257F5C7184"/>
</indexColumnUsage>
</ind_PK_UK>
<ind_PK_UK id="0F825017-17EB-8E66-2F64-80CC3B85A375" name="insu_curs_FK">
<createdBy>sd</createdBy>
<createdTime>2024-10-04 03:26:54 UTC</createdTime>
<ownerDesignName> EFT_S9_Cesarr_lynch</ownerDesignName>
<indexState>Foreign Key</indexState>
<isSurrogateKey>false</isSurrogateKey>
<indexColumnUsage>
<colUsage columnID="3081BA63-29B0-9992-F914-0F257F5C7184"/>
</indexColumnUsage>
</ind_PK_UK>
<ind_PK_UK id="F1AD8BD1-285F-B58B-35B8-69D7761F657D" name="insu_profe_FK">
<createdBy>sd</createdBy>
<createdTime>2024-10-04 03:26:54 UTC</createdTime>
<ownerDesignName> EFT_S9_Cesarr_lynch</ownerDesignName>
<indexState>Foreign Key</indexState>
<isSurrogateKey>false</isSurrogateKey>
<indexColumnUsage>
<colUsage columnID="3268EBA9-56BC-7605-73D5-C3B47395CE59"/>
</indexColumnUsage>
</ind_PK_UK>
</indexes>
</Table>