<?xml version = '1.0' encoding = 'UTF-8'?>
<relationalModel class="oracle.dbtools.crest.model.design.relational.RelationalDesign" name="Relational_1" id="2A3F6217-8D7B-31DC-B764-06200F74A89E" mainViewID="44A5D52A-679E-0134-5E47-3678DFE3E98E">
<createdBy>sd</createdBy>
<createdTime>2024-10-05 04:51:20 UTC</createdTime>
<ownerDesignName> EFT_S9_Cesar_lynch</ownerDesignName>
<shouldBeOpen>false</shouldBeOpen>
<selectedRDBMSSite>32076570-2523-435C-2E92-BF29817DFF70</selectedRDBMSSite>
</relationalModel>